ID,Date,Time,Symbol,Category,LTP,Change_Pct,Prev_High,Prev_Low
60,2026-07-27,09:15,MAHLOG,GAINER,416.35,6.25,428.65,390.1
61,2026-07-27,09:15,ACE,GAINER,1039.4,6.17,1051,971.6
62,2026-07-27,09:15,HUHTAMAKI,GAINER,318.68,7.16,320.78,288.06
63,2026-07-27,09:15,PSPPROJECT,GAINER,1031.2,4.44,1039.9,972.6
64,2026-07-27,09:15,ABDL,GAINER,620.75,3.02,626.7,580
65,2026-07-27,09:15,HEG,GAINER,643.15,3.09,654,608
66,2026-07-27,09:15,KPITTECH,GAINER,583.2,5.86,587,546.15
67,2026-07-27,09:15,DBL,GAINER,420.25,8.65,433.75,381.55
68,2026-07-27,09:15,PVRINOX,GAINER,1063.95,5.61,1070,1008.2
69,2026-07-27,09:15,STLTECH,GAINER,564.15,2.79,576.25,521.45
70,2026-07-27,09:15,TATAELXSI,GAINER,3538,4.44,3556.6,3353.9
71,2026-07-27,09:15,LALPATHLAB,GAINER,1759.2,4.27,1791.4,1650.9
72,2026-07-27,09:15,RRKABEL,GAINER,2493.6,4.85,2506,2330.2
73,2026-07-27,09:15,MOTILALOFS,LOSER,871.95,-7.26,944.5,839.9
74,2026-07-27,09:15,SPANDANA,LOSER,261.5,-10.52,288,257.8
75,2026-07-27,09:15,BALAMINES,LOSER,2174.5,-7.44,2332.7,2123.5
76,2026-07-27,09:15,SOLARA,LOSER,491.95,-6.07,529.7,487
77,2026-07-27,09:15,GUJALKALI,LOSER,674.8,4.78,708.4,667.1
78,2026-07-27,09:15,SYRMA,LOSER,1288.3,-6.64,1368,1272.1
79,2026-07-27,09:15,GODIGIT,LOSER,256.2,-8.78,274.9,253
80,2026-07-27,09:15,VMART,LOSER,724.65,-4.61,792.3,715
81,2026-07-27,09:15,GVT&D,LOSER,4157.4,-3.95,4334,4115.6
82,2026-07-27,09:15,IGIL,LOSER,338.15,-2.16,353.25,325.65
83,2026-07-27,09:15,ROUTE,LOSER,568.55,-5.31,609.9,562
84,2026-07-27,09:15,CHENNPETRO,LOSER,1214.8,-4.32,1281.9,1209
85,2026-07-27,09:15,PWL,LOSER,128.05,-3.9,132.6,124.81
86,2026-07-27,09:15,MRPL,LOSER,169.75,-3.52,177.48,168.61
87,2026-07-27,09:15,WESTLIFE,LOSER,459.15,-3.9,476.85,454.5
88,2026-07-27,09:15,GAEL,GAINER,151.64,8.98,152.89,137.7
89,2026-07-27,09:18,CARTRADE,GAINER,2779.7,4.64,2741.6,2635.6
90,2026-07-27,09:18,THYROCARE,GAINER,593.7,5.22,597.6,543
91,2026-07-27,09:18,DCBBANK,GAINER,203.5,9.27,189.6,184.75
92,2026-07-27,09:18,SAPPHIRE,GAINER,186.49,4.11,185.36,171.9
93,2026-07-27,09:18,PVRINOX,GAINER,1112.6,4.57,1070,1008.2
94,2026-07-27,09:18,VAIBHAVGBL,GAINER,262.81,4.31,254.39,245.64
95,2026-07-27,09:18,LALPATHLAB,GAINER,1862.5,5.87,1791.4,1650.9
96,2026-07-27,09:18,TARSONS,GAINER,321.1,2.67,317.85,310
97,2026-07-27,09:18,RATEGAIN,GAINER,921.35,2.33,904.8,850.65
98,2026-07-27,09:18,TTKPRESTIG,GAINER,655.4,1.87,650,631
99,2026-07-27,09:18,BIRLACORPN,LOSER,921,-3.72,979,939
100,2026-07-27,09:18,POLYMED,LOSER,1700.2,2.18,1676,1611.1
101,2026-07-27,09:18,MRPL,LOSER,167.43,-1.37,177.48,168.61
102,2026-07-27,09:18,VMART,LOSER,701.5,-3.19,792.3,715
103,2026-07-27,09:18,SOLARA,LOSER,476.9,-3.06,529.7,487
104,2026-07-27,09:18,APARINDS,LOSER,13704,-1.33,14685,13282
105,2026-07-27,09:18,CAPLIPOINT,GAINER,2541.8,3.03,2515.1,2451.4
106,2026-07-27,09:18,SYRMA,LOSER,1261.3,-2.1,1368,1272.1
107,2026-07-27,09:18,DALBHARAT,GAINER,1796.8,-0.77,1872.1,1780.8
108,2026-07-27,09:18,GRAPHITE,LOSER,656.95,-2.35,687.5,653.9
109,2026-07-27,09:18,ROUTE,LOSER,554.85,-2.41,609.9,562
110,2026-07-27,09:18,SCHNEIDER,LOSER,1326.2,-1.95,1372.7,1322.4
111,2026-07-27,09:18,GODIGIT,LOSER,249.7,-2.54,274.9,253
112,2026-07-27,09:18,CHENNPETRO,LOSER,1198.8,-1.32,1281.9,1209
113,2026-07-27,09:18,MTARTECH,LOSER,5600,-3.53,5887,5700
114,2026-07-27,09:18,THERMAX,LOSER,4451.5,-1.38,4573,4465.5
115,2026-07-27,09:18,AEGISLOG,LOSER,1326,-1.75,1360,1298.4
116,2026-07-27,09:18,METROPOLIS,GAINER,590,3.46,575,565.85
117,2026-07-27,09:21,ATUL,GAINER,6794,6.03,6524.5,6077
118,2026-07-27,09:21,VAIBHAVGBL,GAINER,263.2,4.47,254.39,245.64
119,2026-07-27,09:21,CAPLIPOINT,GAINER,2557,3.64,2515.1,2451.4
120,2026-07-27,09:21,SAPPHIRE,GAINER,188.97,5.5,185.36,171.9
121,2026-07-27,09:21,GALLANTT,GAINER,542.6,4.11,549.9,513.1
122,2026-07-27,09:21,THYROCARE,GAINER,595,5.45,597.6,543
123,2026-07-27,09:21,CARTRADE,GAINER,2823.9,6.31,2741.6,2635.6
124,2026-07-27,09:21,RKFORGE,GAINER,612.25,5.43,588.9,569.6
125,2026-07-27,09:21,PVRINOX,GAINER,1103.2,3.69,1070,1008.2
126,2026-07-27,09:21,INDIGOPNTS,GAINER,1088,3.73,1059.7,1032.6
127,2026-07-27,09:21,DCBBANK,GAINER,198.43,6.55,189.6,184.75
128,2026-07-27,09:21,BIRLACORPN,LOSER,912.3,-4.63,979,939
129,2026-07-27,09:21,POLYMED,LOSER,1686,1.32,1676,1611.1
130,2026-07-27,09:21,LALPATHLAB,GAINER,1887.1,7.27,1791.4,1650.9
131,2026-07-27,09:21,DALBHARAT,GAINER,1788,-1.26,1872.1,1780.8
132,2026-07-27,09:21,APARINDS,LOSER,13570,-2.3,14685,13282
133,2026-07-27,09:21,VMART,LOSER,696.85,-3.84,792.3,715
134,2026-07-27,09:21,ROUTE,LOSER,548.6,-3.51,609.9,562
135,2026-07-27,09:21,ZENTEC,GAINER,1669.8,-5.59,1792,1746
136,2026-07-27,09:21,MRPL,LOSER,167.25,-1.47,177.48,168.61
137,2026-07-27,09:21,SOLARA,LOSER,476.55,-3.13,529.7,487
138,2026-07-27,09:21,AEGISLOG,LOSER,1312.4,-2.76,1360,1298.4
139,2026-07-27,09:21,CHENNPETRO,LOSER,1190.7,-1.98,1281.9,1209
140,2026-07-27,09:21,HFCL,LOSER,193.62,-1.64,204.78,196.66
141,2026-07-27,09:21,INOXINDIA,LOSER,1985.2,-0.94,2015,1968.1
142,2026-07-27,09:21,GODIGIT,LOSER,248.4,-3.04,274.9,253
143,2026-07-27,09:21,WELCORP,LOSER,1620.4,1.47,1622.4,1566.2
144,2026-07-27,09:21,GESHIP,LOSER,1393.5,-3.09,1449,1419.3
145,2026-07-27,09:21,SCHNEIDER,LOSER,1324.4,-2.08,1372.7,1322.4
146,2026-07-27,09:24,DALBHARAT,GAINER,1803.8,-0.39,1872.1,1780.8
147,2026-07-27,09:24,PVRINOX,GAINER,1109,4.23,1070,1008.2
148,2026-07-27,09:24,ZENTEC,GAINER,1677.8,-5.14,1792,1746
149,2026-07-27,09:24,THYROCARE,GAINER,594.2,5.31,597.6,543
150,2026-07-27,09:24,INDIGOPNTS,GAINER,1095.5,4.44,1059.7,1032.6
151,2026-07-27,09:24,LALPATHLAB,GAINER,1882.1,6.99,1791.4,1650.9
152,2026-07-27,09:24,VAIBHAVGBL,GAINER,262.48,4.18,254.39,245.64
153,2026-07-27,09:24,APARINDS,LOSER,13432,-3.29,14685,13282
154,2026-07-27,09:24,CARTRADE,GAINER,2832.8,6.64,2741.6,2635.6
155,2026-07-27,09:24,POLYMED,LOSER,1688.2,1.45,1676,1611.1
156,2026-07-27,09:24,ATUL,GAINER,6805,6.2,6524.5,6077
157,2026-07-27,09:24,BIRLACORPN,LOSER,914.5,-4.4,979,939
158,2026-07-27,09:24,MRPL,LOSER,166.2,-2.09,177.48,168.61
159,2026-07-27,09:24,ROUTE,LOSER,547.75,-3.66,609.9,562
160,2026-07-27,09:24,AEGISLOG,LOSER,1303.7,-3.4,1360,1298.4
161,2026-07-27,09:24,RKFORGE,GAINER,615.65,6.02,588.9,569.6
162,2026-07-27,09:24,GESHIP,LOSER,1388,-3.47,1449,1419.3
163,2026-07-27,09:24,VMART,LOSER,697.95,-3.68,792.3,715
164,2026-07-27,09:24,CHENNPETRO,LOSER,1187.4,-2.26,1281.9,1209
165,2026-07-27,09:24,ONESOURCE,LOSER,1645.1,-0.53,1663.2,1631.9
166,2026-07-27,09:24,GALLANTT,GAINER,541.55,3.9,549.9,513.1
167,2026-07-27,09:24,CAPLIPOINT,GAINER,2591.1,5.03,2515.1,2451.4
168,2026-07-27,09:24,SAPPHIRE,GAINER,188.43,5.2,185.36,171.9
169,2026-07-27,09:24,DCBBANK,GAINER,202.59,8.78,189.6,184.75
170,2026-07-27,09:24,WABAG,LOSER,1996.1,-2.21,2067.2,2011
171,2026-07-27,09:24,SYRMA,LOSER,1262.8,-1.98,1368,1272.1
172,2026-07-27,09:24,HFCL,LOSER,194.27,-1.31,204.78,196.66
173,2026-07-27,09:24,INOXINDIA,LOSER,1985.2,-0.94,2015,1968.1
174,2026-07-27,09:24,GODIGIT,LOSER,249.4,-2.65,274.9,253
175,2026-07-27,09:27,ZENTEC,GAINER,1672.5,-5.44,1792,1746
176,2026-07-27,09:27,DALBHARAT,GAINER,1805,-0.32,1872.1,1780.8
177,2026-07-27,09:27,LALPATHLAB,GAINER,1890,7.44,1791.4,1650.9
178,2026-07-27,09:27,SAPPHIRE,GAINER,187.05,4.43,185.36,171.9
179,2026-07-27,09:27,CAPLIPOINT,GAINER,2591.3,5.03,2515.1,2451.4
180,2026-07-27,09:27,DBL,GAINER,428.25,1.9,433.75,381.55
181,2026-07-27,09:27,PVRINOX,GAINER,1106.35,3.99,1070,1008.2
182,2026-07-27,09:27,RKFORGE,GAINER,615,5.91,588.9,569.6
183,2026-07-27,09:27,VAIBHAVGBL,GAINER,263,4.39,254.39,245.64
184,2026-07-27,09:27,INDIGOPNTS,GAINER,1091.9,4.1,1059.7,1032.6
185,2026-07-27,09:27,ATUL,GAINER,6778.5,5.79,6524.5,6077
186,2026-07-27,09:27,THYROCARE,GAINER,592.4,4.99,597.6,543
187,2026-07-27,09:27,APARINDS,LOSER,13401,-3.51,14685,13282
188,2026-07-27,09:27,POLYMED,LOSER,1697.2,2,1676,1611.1
189,2026-07-27,09:27,ROUTE,LOSER,545.7,-4.02,609.9,562
190,2026-07-27,09:27,MRPL,LOSER,166.16,-2.11,177.48,168.61
191,2026-07-27,09:27,VMART,LOSER,695.7,-4,792.3,715
192,2026-07-27,09:27,AEGISLOG,LOSER,1304,-3.38,1360,1298.4
193,2026-07-27,09:27,BIRLACORPN,LOSER,919,-3.93,979,939
194,2026-07-27,09:27,INOXINDIA,LOSER,1967.1,-1.84,2015,1968.1
195,2026-07-27,09:27,GESHIP,LOSER,1389.4,-3.37,1449,1419.3
196,2026-07-27,09:27,GODIGIT,LOSER,247.65,-3.34,274.9,253
197,2026-07-27,09:27,SOLARA,LOSER,476.35,-3.17,529.7,487
198,2026-07-27,09:27,CHENNPETRO,LOSER,1189.2,-2.11,1281.9,1209
199,2026-07-27,09:27,ONESOURCE,LOSER,1641.9,-0.73,1663.2,1631.9
200,2026-07-27,09:27,MTARTECH,LOSER,5568,-4.08,5887,5700
201,2026-07-27,09:27,SYRMA,LOSER,1262,-2.04,1368,1272.1
202,2026-07-27,09:27,GALLANTT,GAINER,542.8,4.14,549.9,513.1
203,2026-07-27,09:27,CARTRADE,GAINER,2807.5,5.69,2741.6,2635.6
204,2026-07-27,09:31,RKFORGE,GAINER,622.15,7.14,588.9,569.6
205,2026-07-27,09:31,VAIBHAVGBL,GAINER,263.4,4.55,254.39,245.64
206,2026-07-27,09:31,PVRINOX,GAINER,1107,4.05,1070,1008.2
207,2026-07-27,09:31,CAPLIPOINT,GAINER,2610.5,5.81,2515.1,2451.4
208,2026-07-27,09:31,INDIGOPNTS,GAINER,1090.1,3.93,1059.7,1032.6
209,2026-07-27,09:31,DALBHARAT,GAINER,1801.5,-0.51,1872.1,1780.8
210,2026-07-27,09:31,CARTRADE,GAINER,2827,6.42,2741.6,2635.6
211,2026-07-27,09:31,GALLANTT,GAINER,543.3,4.24,549.9,513.1
212,2026-07-27,09:31,THYROCARE,GAINER,589.85,4.54,597.6,543
213,2026-07-27,09:31,APARINDS,LOSER,13361,-3.8,14685,13282
214,2026-07-27,09:31,ROUTE,LOSER,541.95,-4.68,609.9,562
215,2026-07-27,09:31,POLYMED,LOSER,1696.8,1.97,1676,1611.1
216,2026-07-27,09:31,MRPL,LOSER,165.75,-2.36,177.48,168.61
217,2026-07-27,09:31,VMART,LOSER,694.9,-4.11,792.3,715
218,2026-07-27,09:31,BIRLACORPN,LOSER,917,-4.14,979,939
219,2026-07-27,09:31,CHENNPETRO,LOSER,1182.8,-2.63,1281.9,1209
220,2026-07-27,09:31,INOXINDIA,LOSER,1973.5,-1.52,2015,1968.1
221,2026-07-27,09:31,SAPPHIRE,GAINER,189.3,5.68,185.36,171.9
222,2026-07-27,09:31,LATENTVIEW,GAINER,309.2,4.44,297,289.3
223,2026-07-27,09:31,MTARTECH,LOSER,5556,-4.29,5887,5700
224,2026-07-27,09:31,GESHIP,LOSER,1393.2,-3.11,1449,1419.3
225,2026-07-27,09:31,AEGISLOG,LOSER,1315,-2.56,1360,1298.4
226,2026-07-27,09:31,LALPATHLAB,GAINER,1880,6.87,1791.4,1650.9
227,2026-07-27,09:31,ONESOURCE,LOSER,1645.7,-0.5,1663.2,1631.9
228,2026-07-27,09:31,WABAG,LOSER,1996,-2.21,2067.2,2011
229,2026-07-27,09:31,DBL,GAINER,435,3.51,433.75,381.55
230,2026-07-27,09:31,THERMAX,LOSER,4435,-1.75,4573,4465.5
231,2026-07-27,09:31,PWL,LOSER,126.15,-1.48,132.6,124.81
232,2026-07-27,09:31,ZENTEC,GAINER,1679.9,-5.02,1792,1746
233,2026-07-27,09:34,CAPLIPOINT,GAINER,2602.4,5.48,2515.1,2451.4
234,2026-07-27,09:34,LATENTVIEW,GAINER,311.6,5.25,297,289.3
235,2026-07-27,09:34,CARTRADE,GAINER,2846,7.14,2741.6,2635.6
236,2026-07-27,09:34,DBL,GAINER,439,4.46,433.75,381.55
237,2026-07-27,09:34,LALPATHLAB,GAINER,1880.8,6.91,1791.4,1650.9
238,2026-07-27,09:34,VAIBHAVGBL,GAINER,264.94,5.16,254.39,245.64
239,2026-07-27,09:34,PVRINOX,GAINER,1113.85,4.69,1070,1008.2
240,2026-07-27,09:34,SAPPHIRE,GAINER,187.67,4.77,185.36,171.9
241,2026-07-27,09:34,ZENTEC,GAINER,1689.8,-4.46,1792,1746
242,2026-07-27,09:34,ALIVUS,GAINER,1160.7,5.4,1115.1,1086.1
243,2026-07-27,09:34,VMART,LOSER,687.8,-5.09,792.3,715
244,2026-07-27,09:34,SONATSOFTW,GAINER,298.85,3.73,292,280.5
245,2026-07-27,09:34,OFSS,GAINER,11120,4.39,10930,10549
246,2026-07-27,09:34,ACUTAAS,GAINER,3385.6,3.87,3457.1,3209
247,2026-07-27,09:34,MRPL,LOSER,166.01,-2.2,177.48,168.61
248,2026-07-27,09:34,POLYMED,LOSER,1705.9,2.52,1676,1611.1
249,2026-07-27,09:34,ROUTE,LOSER,545.65,-4.03,609.9,562
250,2026-07-27,09:34,MTARTECH,LOSER,5526,-4.81,5887,5700
251,2026-07-27,09:34,CHENNPETRO,LOSER,1184.9,-2.46,1281.9,1209
252,2026-07-27,09:34,BIRLACORPN,LOSER,920.85,-3.74,979,939
253,2026-07-27,09:34,AEGISLOG,LOSER,1312.4,-2.76,1360,1298.4
254,2026-07-27,09:34,APARINDS,LOSER,13616,-1.97,14685,13282
255,2026-07-27,09:34,INOXINDIA,LOSER,1977.7,-1.31,2015,1968.1
256,2026-07-27,09:34,DALBHARAT,GAINER,1802.4,-0.46,1872.1,1780.8
257,2026-07-27,09:34,GESHIP,LOSER,1396.7,-2.87,1449,1419.3
258,2026-07-27,09:34,THERMAX,LOSER,4431,-1.84,4573,4465.5
259,2026-07-27,09:34,GALLANTT,GAINER,546.7,4.89,549.9,513.1
260,2026-07-27,09:34,SOLARA,LOSER,479.2,-2.59,529.7,487
261,2026-07-27,09:34,WABAG,LOSER,2002,-1.92,2067.2,2011
262,2026-07-27,09:34,ONESOURCE,LOSER,1652,-0.11,1663.2,1631.9
263,2026-07-27,09:37,CARTRADE,GAINER,2852.2,7.37,2741.6,2635.6
264,2026-07-27,09:37,DALBHARAT,GAINER,1803,-0.43,1872.1,1780.8
265,2026-07-27,09:37,ZENTEC,GAINER,1692,-4.34,1792,1746
266,2026-07-27,09:37,CAPLIPOINT,GAINER,2609.3,5.76,2515.1,2451.4
267,2026-07-27,09:37,LALPATHLAB,GAINER,1882.6,7.01,1791.4,1650.9
268,2026-07-27,09:37,LATENTVIEW,GAINER,310.8,4.98,297,289.3
269,2026-07-27,09:37,RKFORGE,GAINER,618.4,6.49,588.9,569.6
270,2026-07-27,09:37,ACUTAAS,GAINER,3395.5,4.17,3457.1,3209
271,2026-07-27,09:37,PVRINOX,GAINER,1113.5,4.66,1070,1008.2
272,2026-07-27,09:37,ROUTE,LOSER,546.65,-3.85,609.9,562
273,2026-07-27,09:37,OFSS,GAINER,11156,4.73,10930,10549
274,2026-07-27,09:37,MRPL,LOSER,166.43,-1.96,177.48,168.61
275,2026-07-27,09:37,DBL,GAINER,437.3,4.06,433.75,381.55
276,2026-07-27,09:37,VAIBHAVGBL,GAINER,266.17,5.65,254.39,245.64
277,2026-07-27,09:37,CHENNPETRO,LOSER,1181.6,-2.73,1281.9,1209
278,2026-07-27,09:37,BIRLACORPN,LOSER,921.4,-3.68,979,939
279,2026-07-27,09:37,APARINDS,LOSER,13615,-1.97,14685,13282
280,2026-07-27,09:37,VMART,LOSER,699.35,-3.49,792.3,715
281,2026-07-27,09:37,POLYMED,LOSER,1718.6,3.28,1676,1611.1
282,2026-07-27,09:37,GALLANTT,GAINER,547.05,4.96,549.9,513.1
283,2026-07-27,09:37,SAPPHIRE,GAINER,189.47,5.78,185.36,171.9
284,2026-07-27,09:37,AEGISLOG,LOSER,1314.1,-2.63,1360,1298.4
285,2026-07-27,09:37,GESHIP,LOSER,1394.3,-3.03,1449,1419.3
286,2026-07-27,09:37,INOXINDIA,LOSER,1977.2,-1.34,2015,1968.1
287,2026-07-27,09:37,SOLARA,LOSER,478,-2.84,529.7,487
288,2026-07-27,09:37,WABAG,LOSER,1996,-2.21,2067.2,2011
289,2026-07-27,09:37,MTARTECH,LOSER,5580,-3.88,5887,5700
290,2026-07-27,09:37,GODIGIT,LOSER,249.4,-2.65,274.9,253
291,2026-07-27,09:37,ALIVUS,GAINER,1155.1,4.89,1115.1,1086.1
292,2026-07-27,09:37,THERMAX,LOSER,4437.5,-1.69,4573,4465.5
293,2026-07-27,09:40,GALLANTT,GAINER,547.25,5,549.9,513.1
294,2026-07-27,09:40,CARTRADE,GAINER,2852.1,7.37,2741.6,2635.6
295,2026-07-27,09:40,PVRINOX,GAINER,1121.2,5.38,1070,1008.2
296,2026-07-27,09:40,ZENTEC,GAINER,1700,-3.88,1792,1746
297,2026-07-27,09:40,DBL,GAINER,438.7,4.39,433.75,381.55
298,2026-07-27,09:40,ACUTAAS,GAINER,3408.8,4.58,3457.1,3209
299,2026-07-27,09:40,CAPLIPOINT,GAINER,2623.4,6.34,2515.1,2451.4
300,2026-07-27,09:40,VAIBHAVGBL,GAINER,265.18,5.26,254.39,245.64
301,2026-07-27,09:40,SAPPHIRE,GAINER,191.38,6.84,185.36,171.9
302,2026-07-27,09:40,ALIVUS,GAINER,1158.9,5.24,1115.1,1086.1
303,2026-07-27,09:40,ICIL,GAINER,420.95,4.34,407.9,388.5
304,2026-07-27,09:40,LATENTVIEW,GAINER,310.2,4.78,297,289.3
305,2026-07-27,09:40,DALBHARAT,GAINER,1809.9,-0.05,1872.1,1780.8
306,2026-07-27,09:40,CHENNPETRO,LOSER,1179.7,-2.89,1281.9,1209
307,2026-07-27,09:40,LALPATHLAB,GAINER,1881,6.92,1791.4,1650.9
308,2026-07-27,09:40,ROUTE,LOSER,547.25,-3.75,609.9,562
309,2026-07-27,09:40,MRPL,LOSER,166.36,-2,177.48,168.61
310,2026-07-27,09:40,POLYMED,LOSER,1713.3,2.96,1676,1611.1
311,2026-07-27,09:40,BIRLACORPN,LOSER,924.4,-3.37,979,939
312,2026-07-27,09:40,VMART,LOSER,702,-3.13,792.3,715
313,2026-07-27,09:40,AEGISLOG,LOSER,1314.7,-2.59,1360,1298.4
314,2026-07-27,09:40,APARINDS,LOSER,13687,-1.45,14685,13282
315,2026-07-27,09:40,INOXINDIA,LOSER,1979,-1.25,2015,1968.1
316,2026-07-27,09:40,MTARTECH,LOSER,5570,-4.05,5887,5700
317,2026-07-27,09:40,GESHIP,LOSER,1398.1,-2.77,1449,1419.3
318,2026-07-27,09:40,SOLARA,LOSER,479.5,-2.53,529.7,487
319,2026-07-27,09:40,WABAG,LOSER,2001,-1.97,2067.2,2011
320,2026-07-27,09:40,GODIGIT,LOSER,249.55,-2.6,274.9,253
321,2026-07-27,09:40,THERMAX,LOSER,4442.5,-1.58,4573,4465.5
322,2026-07-27,09:43,GALLANTT,GAINER,547.25,5,549.9,513.1
323,2026-07-27,09:43,CAPLIPOINT,GAINER,2606.4,5.65,2515.1,2451.4
324,2026-07-27,09:43,LALPATHLAB,GAINER,1884.3,7.11,1791.4,1650.9
325,2026-07-27,09:43,CARTRADE,GAINER,2850.1,7.29,2741.6,2635.6
326,2026-07-27,09:43,PVRINOX,GAINER,1114.4,4.74,1070,1008.2
327,2026-07-27,09:43,SAPPHIRE,GAINER,188.74,5.37,185.36,171.9
328,2026-07-27,09:43,DALBHARAT,GAINER,1808.4,-0.13,1872.1,1780.8
329,2026-07-27,09:43,LATENTVIEW,GAINER,310.3,4.81,297,289.3
330,2026-07-27,09:43,VAIBHAVGBL,GAINER,263.91,4.75,254.39,245.64
331,2026-07-27,09:43,KFINTECH,GAINER,904.45,5.44,872.2,855.6
332,2026-07-27,09:43,TBOTEK,GAINER,1489.1,4.21,1444.3,1400.1
333,2026-07-27,09:43,CHENNPETRO,LOSER,1172.1,-3.51,1281.9,1209
334,2026-07-27,09:43,ROUTE,LOSER,548.7,-3.49,609.9,562
335,2026-07-27,09:43,MRPL,LOSER,166.21,-2.09,177.48,168.61
336,2026-07-27,09:43,POLYMED,LOSER,1709.4,2.73,1676,1611.1
337,2026-07-27,09:43,BIRLACORPN,LOSER,921.05,-3.72,979,939
338,2026-07-27,09:43,DBL,GAINER,434.8,3.46,433.75,381.55
339,2026-07-27,09:43,INOXINDIA,LOSER,1976.4,-1.38,2015,1968.1
340,2026-07-27,09:43,MTARTECH,LOSER,5562,-4.19,5887,5700
341,2026-07-27,09:43,AEGISLOG,LOSER,1317.3,-2.39,1360,1298.4
342,2026-07-27,09:43,ACUTAAS,GAINER,3412.7,4.7,3457.1,3209
343,2026-07-27,09:43,WABAG,LOSER,1992,-2.41,2067.2,2011
344,2026-07-27,09:43,VMART,LOSER,704.2,-2.82,792.3,715
345,2026-07-27,09:43,ACI,GAINER,581,4.71,558,545.6
346,2026-07-27,09:43,ZENTEC,GAINER,1686,-4.68,1792,1746
347,2026-07-27,09:43,GESHIP,LOSER,1398.6,-2.73,1449,1419.3
348,2026-07-27,09:43,THERMAX,LOSER,4434.5,-1.76,4573,4465.5
349,2026-07-27,09:43,APARINDS,LOSER,13749,-1.01,14685,13282
350,2026-07-27,09:43,SOLARA,LOSER,480.7,-2.29,529.7,487
351,2026-07-27,09:43,BANKINDIA,LOSER,141.35,-0.89,143.2,139.82
352,2026-07-27,09:46,KFINTECH,GAINER,906.95,5.74,872.2,855.6
353,2026-07-27,09:46,ZENTEC,GAINER,1686,-4.68,1792,1746
354,2026-07-27,09:46,CARTRADE,GAINER,2847.2,7.18,2741.6,2635.6
355,2026-07-27,09:46,ACI,GAINER,582.35,4.96,558,545.6
356,2026-07-27,09:46,CAPLIPOINT,GAINER,2610,5.79,2515.1,2451.4
357,2026-07-27,09:46,DALBHARAT,GAINER,1807.6,-0.18,1872.1,1780.8
358,2026-07-27,09:46,LALPATHLAB,GAINER,1881,6.92,1791.4,1650.9
359,2026-07-27,09:46,ACUTAAS,GAINER,3422,4.99,3457.1,3209
360,2026-07-27,09:46,GALLANTT,GAINER,547.25,5,549.9,513.1
361,2026-07-27,09:46,LATENTVIEW,GAINER,310.5,4.88,297,289.3
362,2026-07-27,09:46,TBOTEK,GAINER,1494,4.55,1444.3,1400.1
363,2026-07-27,09:46,SAPPHIRE,GAINER,187.55,4.71,185.36,171.9
364,2026-07-27,09:46,DBL,GAINER,432.6,2.94,433.75,381.55
365,2026-07-27,09:46,OFSS,GAINER,11148,4.66,10930,10549
366,2026-07-27,09:46,PVRINOX,GAINER,1110.5,4.38,1070,1008.2
367,2026-07-27,09:46,CHENNPETRO,LOSER,1173.7,-3.38,1281.9,1209
368,2026-07-27,09:46,MRPL,LOSER,166.04,-2.19,177.48,168.61
369,2026-07-27,09:46,ROUTE,LOSER,547.75,-3.66,609.9,562
370,2026-07-27,09:46,WABAG,LOSER,1987.7,-2.62,2067.2,2011
371,2026-07-27,09:46,BIRLACORPN,LOSER,923.8,-3.43,979,939
372,2026-07-27,09:46,POLYMED,LOSER,1707.4,2.61,1676,1611.1
373,2026-07-27,09:46,MTARTECH,LOSER,5555,-4.31,5887,5700
374,2026-07-27,09:46,VMART,LOSER,701.75,-3.16,792.3,715
375,2026-07-27,09:46,INOXINDIA,LOSER,1979.5,-1.22,2015,1968.1
376,2026-07-27,09:46,GESHIP,LOSER,1396.7,-2.87,1449,1419.3
377,2026-07-27,09:46,THERMAX,LOSER,4428,-1.91,4573,4465.5
378,2026-07-27,09:46,AEGISLOG,LOSER,1322.4,-2.02,1360,1298.4
379,2026-07-27,09:46,SOLARA,LOSER,478.85,-2.66,529.7,487
380,2026-07-27,09:46,BANKINDIA,LOSER,141.4,-0.86,143.2,139.82
381,2026-07-27,09:46,PWL,LOSER,126.68,-1.07,132.6,124.81
382,2026-07-27,09:49,CARTRADE,GAINER,2841.4,6.96,2741.6,2635.6
383,2026-07-27,09:49,DBL,GAINER,432.15,2.83,433.75,381.55
384,2026-07-27,09:49,LALPATHLAB,GAINER,1871.1,6.36,1791.4,1650.9
385,2026-07-27,09:49,CAPLIPOINT,GAINER,2610.8,5.82,2515.1,2451.4
386,2026-07-27,09:49,LATENTVIEW,GAINER,311,5.05,297,289.3
387,2026-07-27,09:49,PVRINOX,GAINER,1111.85,4.5,1070,1008.2
388,2026-07-27,09:49,DALBHARAT,GAINER,1803.1,-0.43,1872.1,1780.8
389,2026-07-27,09:49,ACUTAAS,GAINER,3434.6,5.37,3457.1,3209
390,2026-07-27,09:49,TBOTEK,GAINER,1490.2,4.28,1444.3,1400.1
391,2026-07-27,09:49,OFSS,GAINER,11131,4.5,10930,10549
392,2026-07-27,09:49,WELSPUNLIV,GAINER,168.13,3.78,163.91,160.31
393,2026-07-27,09:49,CHENNPETRO,LOSER,1173.7,-3.38,1281.9,1209
394,2026-07-27,09:49,MRPL,LOSER,166.18,-2.1,177.48,168.61
395,2026-07-27,09:49,ACI,GAINER,581.3,4.77,558,545.6
396,2026-07-27,09:49,POLYMED,LOSER,1703.5,2.37,1676,1611.1
397,2026-07-27,09:49,ROUTE,LOSER,547.4,-3.72,609.9,562
398,2026-07-27,09:49,BIRLACORPN,LOSER,922.15,-3.6,979,939
399,2026-07-27,09:49,VMART,LOSER,702.8,-3.02,792.3,715
400,2026-07-27,09:49,MTARTECH,LOSER,5558,-4.25,5887,5700
401,2026-07-27,09:49,GESHIP,LOSER,1396.2,-2.9,1449,1419.3
402,2026-07-27,09:49,ZENTEC,GAINER,1684,-4.79,1792,1746
403,2026-07-27,09:49,VRLLOG,LOSER,253.3,4.19,248.42,237
404,2026-07-27,09:49,GALLANTT,GAINER,547.25,5,549.9,513.1
405,2026-07-27,09:49,INOXINDIA,LOSER,1981,-1.15,2015,1968.1
406,2026-07-27,09:49,WABAG,LOSER,1995,-2.26,2067.2,2011
407,2026-07-27,09:49,AEGISLOG,LOSER,1318.2,-2.33,1360,1298.4
408,2026-07-27,09:49,THERMAX,LOSER,4435,-1.75,4573,4465.5
409,2026-07-27,09:49,BANKINDIA,LOSER,141.09,-1.07,143.2,139.82
410,2026-07-27,09:49,ECLERX,LOSER,1815.8,-2.46,1898.6,1811
411,2026-07-27,09:49,KFINTECH,GAINER,906.7,5.71,872.2,855.6
412,2026-07-27,09:52,LALPATHLAB,GAINER,1879,6.81,1791.4,1650.9
413,2026-07-27,09:52,DALBHARAT,GAINER,1808,-0.15,1872.1,1780.8
414,2026-07-27,09:52,ACUTAAS,GAINER,3432,5.29,3457.1,3209
415,2026-07-27,09:52,ZENTEC,GAINER,1684.2,-4.78,1792,1746
416,2026-07-27,09:52,CAPLIPOINT,GAINER,2611.8,5.87,2515.1,2451.4
417,2026-07-27,09:52,LATENTVIEW,GAINER,310.55,4.9,297,289.3
418,2026-07-27,09:52,GALLANTT,GAINER,547.25,5,549.9,513.1
419,2026-07-27,09:52,KFINTECH,GAINER,907.45,5.79,872.2,855.6
420,2026-07-27,09:52,DBL,GAINER,431.9,2.77,433.75,381.55
421,2026-07-27,09:52,CARTRADE,GAINER,2850.9,7.32,2741.6,2635.6
422,2026-07-27,09:52,PVRINOX,GAINER,1112.25,4.54,1070,1008.2
423,2026-07-27,09:52,ACI,GAINER,577.3,4.05,558,545.6
424,2026-07-27,09:52,ROSSARI,GAINER,508.35,3.79,497.75,487
425,2026-07-27,09:52,MRPL,LOSER,166,-2.21,177.48,168.61
426,2026-07-27,09:52,ROUTE,LOSER,545.45,-4.06,609.9,562
427,2026-07-27,09:52,VRLLOG,LOSER,251.82,3.58,248.42,237
428,2026-07-27,09:52,POLYMED,LOSER,1701,2.22,1676,1611.1
429,2026-07-27,09:52,TBOTEK,GAINER,1488.1,4.14,1444.3,1400.1
430,2026-07-27,09:52,CHENNPETRO,LOSER,1175.9,-3.2,1281.9,1209
431,2026-07-27,09:52,OFSS,GAINER,11137,4.55,10930,10549
432,2026-07-27,09:52,BIRLACORPN,LOSER,922.35,-3.58,979,939
433,2026-07-27,09:52,VMART,LOSER,701.55,-3.19,792.3,715
434,2026-07-27,09:52,MTARTECH,LOSER,5563,-4.17,5887,5700
435,2026-07-27,09:52,WABAG,LOSER,1990.9,-2.46,2067.2,2011
436,2026-07-27,09:52,INOXINDIA,LOSER,1981.2,-1.14,2015,1968.1
437,2026-07-27,09:52,AEGISLOG,LOSER,1317,-2.42,1360,1298.4
438,2026-07-27,09:52,THERMAX,LOSER,4428.5,-1.89,4573,4465.5
439,2026-07-27,09:52,BANKINDIA,LOSER,140.92,-1.19,143.2,139.82
440,2026-07-27,09:52,GESHIP,LOSER,1398.9,-2.71,1449,1419.3
441,2026-07-27,09:52,MANYAVAR,LOSER,401.75,-0.14,406.9,396
442,2026-07-27,09:55,DBL,GAINER,432.3,2.87,433.75,381.55
443,2026-07-27,09:55,ZENTEC,GAINER,1679.8,-5.03,1792,1746
444,2026-07-27,09:55,LATENTVIEW,GAINER,311.15,5.1,297,289.3
445,2026-07-27,09:55,ROSSARI,GAINER,512.7,4.68,497.75,487
446,2026-07-27,09:55,KFINTECH,GAINER,905.5,5.57,872.2,855.6
447,2026-07-27,09:55,PVRINOX,GAINER,1112.5,4.56,1070,1008.2
448,2026-07-27,09:55,CONCOR,GAINER,496.5,3.97,484.2,474.4
449,2026-07-27,09:55,ACI,GAINER,577.6,4.1,558,545.6
450,2026-07-27,09:55,CHENNPETRO,LOSER,1177.5,-3.07,1281.9,1209
451,2026-07-27,09:55,MRPL,LOSER,166.06,-2.17,177.48,168.61
452,2026-07-27,09:55,CAPLIPOINT,GAINER,2615.1,6,2515.1,2451.4
453,2026-07-27,09:55,POLYMED,LOSER,1700,2.16,1676,1611.1
454,2026-07-27,09:55,ACUTAAS,GAINER,3442.2,5.61,3457.1,3209
455,2026-07-27,09:55,DALBHARAT,GAINER,1805.1,-0.31,1872.1,1780.8
456,2026-07-27,09:55,ROUTE,LOSER,546.25,-3.92,609.9,562
457,2026-07-27,09:55,VMART,LOSER,698.1,-3.66,792.3,715
458,2026-07-27,09:55,WABAG,LOSER,1982,-2.9,2067.2,2011
459,2026-07-27,09:55,BIRLACORPN,LOSER,921.85,-3.63,979,939
460,2026-07-27,09:55,LALPATHLAB,GAINER,1875.8,6.63,1791.4,1650.9
461,2026-07-27,09:55,MTARTECH,LOSER,5566,-4.12,5887,5700
462,2026-07-27,09:55,INOXINDIA,LOSER,1978.7,-1.26,2015,1968.1
463,2026-07-27,09:55,MANYAVAR,LOSER,401.15,-0.29,406.9,396
464,2026-07-27,09:55,CARTRADE,GAINER,2853.1,7.4,2741.6,2635.6
465,2026-07-27,09:55,THERMAX,LOSER,4429.5,-1.87,4573,4465.5
466,2026-07-27,09:55,BANKINDIA,LOSER,140.78,-1.29,143.2,139.82
467,2026-07-27,09:55,PWL,LOSER,126.3,-1.37,132.6,124.81
468,2026-07-27,09:55,CENTURYPLY,LOSER,786.6,-0.71,800,761.95
469,2026-07-27,09:55,AEGISLOG,LOSER,1320.8,-2.13,1360,1298.4
470,2026-07-27,09:55,GALLANTT,GAINER,547.25,5,549.9,513.1
471,2026-07-27,09:58,ACUTAAS,GAINER,3437.8,5.47,3457.1,3209
472,2026-07-27,09:58,GALLANTT,GAINER,547.25,5,549.9,513.1
473,2026-07-27,09:58,DALBHARAT,GAINER,1804.5,-0.35,1872.1,1780.8
474,2026-07-27,09:58,DBL,GAINER,432.7,2.96,433.75,381.55
475,2026-07-27,09:58,PVRINOX,GAINER,1114.9,4.79,1070,1008.2
476,2026-07-27,09:58,ANANTRAJ,GAINER,610.1,4.02,591.65,576
477,2026-07-27,09:58,ZENTEC,GAINER,1677.6,-5.15,1792,1746
478,2026-07-27,09:58,KFINTECH,GAINER,905,5.51,872.2,855.6
479,2026-07-27,09:58,POLYMED,LOSER,1697.6,2.02,1676,1611.1
480,2026-07-27,09:58,MRPL,LOSER,166.06,-2.17,177.48,168.61
481,2026-07-27,09:58,CHENNPETRO,LOSER,1177.6,-3.06,1281.9,1209
482,2026-07-27,09:58,ROUTE,LOSER,546.2,-3.93,609.9,562
483,2026-07-27,09:58,VMART,LOSER,696.9,-3.83,792.3,715
484,2026-07-27,09:58,CARTRADE,GAINER,2859.9,7.66,2741.6,2635.6
485,2026-07-27,09:58,INOXINDIA,LOSER,1980.2,-1.19,2015,1968.1
486,2026-07-27,09:58,MTARTECH,LOSER,5573,-4,5887,5700
487,2026-07-27,09:58,WABAG,LOSER,1982.8,-2.86,2067.2,2011
488,2026-07-27,09:58,BIRLACORPN,LOSER,922,-3.62,979,939
489,2026-07-27,09:58,TBOTEK,GAINER,1505.6,5.36,1444.3,1400.1
490,2026-07-27,09:58,ACI,GAINER,580.4,4.6,558,545.6
491,2026-07-27,09:58,THERMAX,LOSER,4428.5,-1.89,4573,4465.5
492,2026-07-27,09:58,BANKINDIA,LOSER,140.85,-1.24,143.2,139.82
493,2026-07-27,09:58,GESHIP,LOSER,1399.4,-2.68,1449,1419.3
494,2026-07-27,09:58,PWL,LOSER,126.42,-1.27,132.6,124.81
495,2026-07-27,09:58,CAPLIPOINT,GAINER,2606.7,5.66,2515.1,2451.4
496,2026-07-27,09:58,MANYAVAR,LOSER,401.7,-0.15,406.9,396
497,2026-07-27,09:58,AEGISLOG,LOSER,1322,-2.05,1360,1298.4
498,2026-07-27,09:58,ROSSARI,GAINER,513,4.74,497.75,487
499,2026-07-27,09:58,CONCOR,GAINER,504.25,5.59,484.2,474.4
500,2026-07-27,10:01,CARTRADE,GAINER,2857,7.55,2741.6,2635.6
501,2026-07-27,10:01,ACUTAAS,GAINER,3431.4,5.27,3457.1,3209
502,2026-07-27,10:01,DALBHARAT,GAINER,1807,-0.21,1872.1,1780.8
503,2026-07-27,10:01,CAPLIPOINT,GAINER,2613.7,5.94,2515.1,2451.4
504,2026-07-27,10:01,TBOTEK,GAINER,1509.2,5.61,1444.3,1400.1
505,2026-07-27,10:01,ACI,GAINER,579.1,4.37,558,545.6
506,2026-07-27,10:01,ZENTEC,GAINER,1677.6,-5.15,1792,1746
507,2026-07-27,10:01,KFINTECH,GAINER,906.25,5.65,872.2,855.6
508,2026-07-27,10:01,ROSSARI,GAINER,511,4.33,497.75,487
509,2026-07-27,10:01,POLYMED,LOSER,1687.2,1.39,1676,1611.1
510,2026-07-27,10:01,MRPL,LOSER,166.14,-2.13,177.48,168.61
511,2026-07-27,10:01,CONCOR,GAINER,503,5.33,484.2,474.4
512,2026-07-27,10:01,GALLANTT,GAINER,547.25,5,549.9,513.1
513,2026-07-27,10:01,PPLPHARMA,GAINER,188,3.71,182.32,178.24
514,2026-07-27,10:01,PVRINOX,GAINER,1113.6,4.67,1070,1008.2
515,2026-07-27,10:01,RKFORGE,GAINER,618.95,6.59,588.9,569.6
516,2026-07-27,10:01,CHENNPETRO,LOSER,1178.2,-3.01,1281.9,1209
517,2026-07-27,10:01,VMART,LOSER,695.5,-4.02,792.3,715
518,2026-07-27,10:01,WABAG,LOSER,1981,-2.95,2067.2,2011
519,2026-07-27,10:01,ROUTE,LOSER,546.1,-3.95,609.9,562
520,2026-07-27,10:01,BIRLACORPN,LOSER,922.5,-3.56,979,939
521,2026-07-27,10:01,BANKINDIA,LOSER,140.61,-1.41,143.2,139.82
522,2026-07-27,10:01,INOXINDIA,LOSER,1982.8,-1.06,2015,1968.1
523,2026-07-27,10:01,THERMAX,LOSER,4426,-1.95,4573,4465.5
524,2026-07-27,10:01,DBL,GAINER,434,3.27,433.75,381.55
525,2026-07-27,10:01,MANYAVAR,LOSER,401.75,-0.14,406.9,396
526,2026-07-27,10:01,CENTURYPLY,LOSER,786.9,-0.67,800,761.95
527,2026-07-27,10:01,MTARTECH,LOSER,5585,-3.79,5887,5700
528,2026-07-27,10:01,ECLERX,LOSER,1812.6,-2.63,1898.6,1811
529,2026-07-27,10:01,PWL,LOSER,126.54,-1.18,132.6,124.81
530,2026-07-27,10:04,DALBHARAT,GAINER,1806.6,-0.23,1872.1,1780.8
531,2026-07-27,10:04,KFINTECH,GAINER,908.55,5.92,872.2,855.6
532,2026-07-27,10:04,DBL,GAINER,434,3.27,433.75,381.55
533,2026-07-27,10:04,GALLANTT,GAINER,547.25,5,549.9,513.1
534,2026-07-27,10:04,RKFORGE,GAINER,617.75,6.38,588.9,569.6
535,2026-07-27,10:04,CAPLIPOINT,GAINER,2606,5.63,2515.1,2451.4
536,2026-07-27,10:04,CARTRADE,GAINER,2843,7.02,2741.6,2635.6
537,2026-07-27,10:04,ACI,GAINER,577.5,4.08,558,545.6
538,2026-07-27,10:04,ZENTEC,GAINER,1673.5,-5.38,1792,1746
539,2026-07-27,10:04,LALPATHLAB,GAINER,1867.4,6.15,1791.4,1650.9
540,2026-07-27,10:04,POLYMED,LOSER,1688,1.44,1676,1611.1
541,2026-07-27,10:04,MRPL,LOSER,165.75,-2.36,177.48,168.61
542,2026-07-27,10:04,ROUTE,LOSER,546.1,-3.95,609.9,562
543,2026-07-27,10:04,VMART,LOSER,694.85,-4.11,792.3,715
544,2026-07-27,10:04,CHENNPETRO,LOSER,1177.5,-3.07,1281.9,1209
545,2026-07-27,10:04,BIRLACORPN,LOSER,920,-3.83,979,939
546,2026-07-27,10:04,WABAG,LOSER,1978.5,-3.07,2067.2,2011
547,2026-07-27,10:04,CONCOR,GAINER,499.6,4.62,484.2,474.4
548,2026-07-27,10:04,ROSSARI,GAINER,511.15,4.36,497.75,487
549,2026-07-27,10:04,THERMAX,LOSER,4420.5,-2.07,4573,4465.5
550,2026-07-27,10:04,BANKINDIA,LOSER,140.54,-1.46,143.2,139.82
551,2026-07-27,10:04,MANYAVAR,LOSER,401.05,-0.31,406.9,396
552,2026-07-27,10:04,INOXINDIA,LOSER,1981,-1.15,2015,1968.1
553,2026-07-27,10:04,PWL,LOSER,126.22,-1.43,132.6,124.81
554,2026-07-27,10:04,MTARTECH,LOSER,5585,-3.79,5887,5700
555,2026-07-27,10:04,TBOTEK,GAINER,1507.7,5.51,1444.3,1400.1
556,2026-07-27,10:04,ECLERX,LOSER,1809,-2.82,1898.6,1811
557,2026-07-27,10:04,CENTURYPLY,LOSER,786.65,-0.7,800,761.95
558,2026-07-27,10:04,ACUTAAS,GAINER,3443,5.63,3457.1,3209
559,2026-07-27,10:07,ACUTAAS,GAINER,3440,5.54,3457.1,3209
560,2026-07-27,10:07,KFINTECH,GAINER,907.05,5.75,872.2,855.6
561,2026-07-27,10:07,CONCOR,GAINER,499.35,4.56,484.2,474.4
562,2026-07-27,10:07,CARTRADE,GAINER,2846.6,7.16,2741.6,2635.6
563,2026-07-27,10:07,JUBLINGREA,GAINER,751.4,3.56,745.05,723
564,2026-07-27,10:07,ZENTEC,GAINER,1670.1,-5.57,1792,1746
565,2026-07-27,10:07,RKFORGE,GAINER,621.6,7.04,588.9,569.6
566,2026-07-27,10:07,POLYMED,LOSER,1688.7,1.48,1676,1611.1
567,2026-07-27,10:07,TBOTEK,GAINER,1509.7,5.65,1444.3,1400.1
568,2026-07-27,10:07,KANSAINER,GAINER,203.54,5.36,194.27,191.07
569,2026-07-27,10:07,DBL,GAINER,432.75,2.97,433.75,381.55
570,2026-07-27,10:07,MRPL,LOSER,165.8,-2.33,177.48,168.61
571,2026-07-27,10:07,DALBHARAT,GAINER,1805.1,-0.31,1872.1,1780.8
572,2026-07-27,10:07,ACI,GAINER,579.6,4.46,558,545.6
573,2026-07-27,10:07,CHENNPETRO,LOSER,1176.8,-3.13,1281.9,1209
574,2026-07-27,10:07,WABAG,LOSER,1974.5,-3.27,2067.2,2011
575,2026-07-27,10:07,ECLERX,LOSER,1798.2,-3.4,1898.6,1811
576,2026-07-27,10:07,ROUTE,LOSER,546.35,-3.9,609.9,562
577,2026-07-27,10:07,CAPLIPOINT,GAINER,2604.4,5.57,2515.1,2451.4
578,2026-07-27,10:07,BIRLACORPN,LOSER,920.8,-3.74,979,939
579,2026-07-27,10:07,VMART,LOSER,694.8,-4.12,792.3,715
580,2026-07-27,10:07,MANYAVAR,LOSER,400.2,-0.52,406.9,396
581,2026-07-27,10:07,GALLANTT,GAINER,547.25,5,549.9,513.1
582,2026-07-27,10:07,INOXINDIA,LOSER,1981,-1.15,2015,1968.1
583,2026-07-27,10:07,THERMAX,LOSER,4418,-2.13,4573,4465.5
584,2026-07-27,10:07,BANKINDIA,LOSER,140.56,-1.44,143.2,139.82
585,2026-07-27,10:07,CENTURYPLY,LOSER,785.25,-0.88,800,761.95
586,2026-07-27,10:07,MTARTECH,LOSER,5580,-3.88,5887,5700
587,2026-07-27,10:07,HFCL,LOSER,194.43,-1.23,204.78,196.66
588,2026-07-27,10:10,RKFORGE,GAINER,623.1,7.3,588.9,569.6
589,2026-07-27,10:10,DBL,GAINER,432.05,2.81,433.75,381.55
590,2026-07-27,10:10,CARTRADE,GAINER,2835.1,6.73,2741.6,2635.6
591,2026-07-27,10:10,PVRINOX,GAINER,1112.35,4.55,1070,1008.2
592,2026-07-27,10:10,KANSAINER,GAINER,203.76,5.47,194.27,191.07
593,2026-07-27,10:10,ACI,GAINER,576.9,3.97,558,545.6
594,2026-07-27,10:10,CONCOR,GAINER,498.8,4.45,484.2,474.4
595,2026-07-27,10:10,TBOTEK,GAINER,1510.2,5.68,1444.3,1400.1
596,2026-07-27,10:10,POLYMED,LOSER,1688.8,1.49,1676,1611.1
597,2026-07-27,10:10,ZENTEC,GAINER,1671.2,-5.51,1792,1746
598,2026-07-27,10:10,MRPL,LOSER,165.55,-2.47,177.48,168.61
599,2026-07-27,10:10,KFINTECH,GAINER,907.3,5.78,872.2,855.6
600,2026-07-27,10:10,WABAG,LOSER,1969,-3.54,2067.2,2011
601,2026-07-27,10:10,CAPLIPOINT,GAINER,2603,5.51,2515.1,2451.4
602,2026-07-27,10:10,ROUTE,LOSER,546.8,-3.83,609.9,562
603,2026-07-27,10:10,CHENNPETRO,LOSER,1174.9,-3.28,1281.9,1209
604,2026-07-27,10:10,VMART,LOSER,695.3,-4.05,792.3,715
605,2026-07-27,10:10,DALBHARAT,GAINER,1805.6,-0.29,1872.1,1780.8
606,2026-07-27,10:10,ACUTAAS,GAINER,3446,5.72,3457.1,3209
607,2026-07-27,10:10,ECLERX,LOSER,1798.6,-3.38,1898.6,1811
608,2026-07-27,10:10,MANYAVAR,LOSER,399.55,-0.68,406.9,396
609,2026-07-27,10:10,BIRLACORPN,LOSER,921.6,-3.66,979,939
610,2026-07-27,10:10,BANKINDIA,LOSER,140.35,-1.59,143.2,139.82
611,2026-07-27,10:10,THERMAX,LOSER,4415.5,-2.18,4573,4465.5
612,2026-07-27,10:10,PWL,LOSER,126.2,-1.44,132.6,124.81
613,2026-07-27,10:10,INOXINDIA,LOSER,1981,-1.15,2015,1968.1
614,2026-07-27,10:10,GALLANTT,GAINER,547.25,5,549.9,513.1
615,2026-07-27,10:10,MTARTECH,LOSER,5589,-3.72,5887,5700
616,2026-07-27,10:10,CENTURYPLY,LOSER,786.15,-0.76,800,761.95
617,2026-07-27,10:14,DBL,GAINER,433,3.03,433.75,381.55
618,2026-07-27,10:14,RKFORGE,GAINER,621,6.94,588.9,569.6
619,2026-07-27,10:14,PVRINOX,GAINER,1115.6,4.85,1070,1008.2
620,2026-07-27,10:14,ACI,GAINER,578.85,4.33,558,545.6
621,2026-07-27,10:14,TBOTEK,GAINER,1509,5.6,1444.3,1400.1
622,2026-07-27,10:14,CONCOR,GAINER,503.8,5.5,484.2,474.4
623,2026-07-27,10:14,CARTRADE,GAINER,2834,6.69,2741.6,2635.6
624,2026-07-27,10:14,ANANTRAJ,GAINER,609.1,3.84,591.65,576
625,2026-07-27,10:14,ACUTAAS,GAINER,3446.5,5.74,3457.1,3209
626,2026-07-27,10:14,ZENTEC,GAINER,1676,-5.24,1792,1746
627,2026-07-27,10:14,POLYMED,LOSER,1685,1.26,1676,1611.1
628,2026-07-27,10:14,MRPL,LOSER,164.85,-2.89,177.48,168.61
629,2026-07-27,10:14,CHENNPETRO,LOSER,1172.8,-3.46,1281.9,1209
630,2026-07-27,10:14,WABAG,LOSER,1964.9,-3.74,2067.2,2011
631,2026-07-27,10:14,ECLERX,LOSER,1788.5,-3.92,1898.6,1811
632,2026-07-27,10:14,ROUTE,LOSER,547,-3.79,609.9,562
633,2026-07-27,10:14,BIRLACORPN,LOSER,919.85,-3.84,979,939
634,2026-07-27,10:14,VMART,LOSER,698.95,-3.55,792.3,715
635,2026-07-27,10:14,MANYAVAR,LOSER,399.1,-0.8,406.9,396
636,2026-07-27,10:14,GALLANTT,GAINER,547.25,5,549.9,513.1
637,2026-07-27,10:14,CAPLIPOINT,GAINER,2614.5,5.97,2515.1,2451.4
638,2026-07-27,10:14,BANKINDIA,LOSER,140.35,-1.59,143.2,139.82
639,2026-07-27,10:14,GRINDWELL,LOSER,1954.8,-2.82,2043.4,1984.8
640,2026-07-27,10:14,HUHTAMAKI,LOSER,310.21,-2.66,320.78,288.06
641,2026-07-27,10:14,DALBHARAT,GAINER,1805,-0.32,1872.1,1780.8
642,2026-07-27,10:14,KFINTECH,GAINER,909.95,6.09,872.2,855.6
643,2026-07-27,10:14,HFCL,LOSER,194.11,-1.39,204.78,196.66
644,2026-07-27,10:14,MTARTECH,LOSER,5571,-4.03,5887,5700
645,2026-07-27,10:14,THERMAX,LOSER,4418,-2.13,4573,4465.5
646,2026-07-27,10:17,KFINTECH,GAINER,910,6.09,872.2,855.6
647,2026-07-27,10:17,CONCOR,GAINER,504.35,5.61,484.2,474.4
648,2026-07-27,10:17,TBOTEK,GAINER,1510.9,5.73,1444.3,1400.1
649,2026-07-27,10:17,RKFORGE,GAINER,622.25,7.16,588.9,569.6
650,2026-07-27,10:17,GALLANTT,GAINER,547.25,5,549.9,513.1
651,2026-07-27,10:17,ZENTEC,GAINER,1672.3,-5.45,1792,1746
652,2026-07-27,10:17,ACI,GAINER,578.8,4.32,558,545.6
653,2026-07-27,10:17,CAPLIPOINT,GAINER,2610.1,5.8,2515.1,2451.4
654,2026-07-27,10:17,MRPL,LOSER,165.69,-2.39,177.48,168.61
655,2026-07-27,10:17,PVRINOX,GAINER,1112,4.52,1070,1008.2
656,2026-07-27,10:17,CHENNPETRO,LOSER,1176.3,-3.17,1281.9,1209
657,2026-07-27,10:17,ANANTRAJ,GAINER,609.25,3.87,591.65,576
658,2026-07-27,10:17,POLYMED,LOSER,1688.1,1.45,1676,1611.1
659,2026-07-27,10:17,WABAG,LOSER,1966.3,-3.67,2067.2,2011
660,2026-07-27,10:17,ROUTE,LOSER,546.85,-3.82,609.9,562
661,2026-07-27,10:17,VMART,LOSER,699,-3.54,792.3,715
662,2026-07-27,10:17,BIRLACORPN,LOSER,921.35,-3.68,979,939
663,2026-07-27,10:17,HUHTAMAKI,LOSER,309.1,-3.01,320.78,288.06
664,2026-07-27,10:17,ECLERX,LOSER,1792,-3.73,1898.6,1811
665,2026-07-27,10:17,CARTRADE,GAINER,2854.8,7.47,2741.6,2635.6
666,2026-07-27,10:17,BANKINDIA,LOSER,140.2,-1.7,143.2,139.82
667,2026-07-27,10:17,MANYAVAR,LOSER,399.25,-0.76,406.9,396
668,2026-07-27,10:17,DALBHARAT,GAINER,1803.8,-0.39,1872.1,1780.8
669,2026-07-27,10:17,THERMAX,LOSER,4413,-2.24,4573,4465.5
670,2026-07-27,10:17,DBL,GAINER,433.25,3.09,433.75,381.55
671,2026-07-27,10:17,ACUTAAS,GAINER,3446.5,5.74,3457.1,3209
672,2026-07-27,10:17,GRINDWELL,LOSER,1955.1,-2.81,2043.4,1984.8
673,2026-07-27,10:17,MTARTECH,LOSER,5569.5,-4.06,5887,5700
674,2026-07-27,10:17,INOXINDIA,LOSER,1981,-1.15,2015,1968.1
675,2026-07-27,10:20,DALBHARAT,GAINER,1808.5,-0.13,1872.1,1780.8
676,2026-07-27,10:20,CONCOR,GAINER,500.8,4.87,484.2,474.4
677,2026-07-27,10:20,ROSSARI,GAINER,513.3,4.8,497.75,487
678,2026-07-27,10:20,TBOTEK,GAINER,1513.9,5.94,1444.3,1400.1
679,2026-07-27,10:20,CAPLIPOINT,GAINER,2609.5,5.77,2515.1,2451.4
680,2026-07-27,10:20,ACUTAAS,GAINER,3437.9,5.47,3457.1,3209
681,2026-07-27,10:20,RKFORGE,GAINER,618.45,6.5,588.9,569.6
682,2026-07-27,10:20,ZENTEC,GAINER,1678.1,-5.12,1792,1746
683,2026-07-27,10:20,MRPL,LOSER,165.29,-2.63,177.48,168.61
684,2026-07-27,10:20,ACI,GAINER,578.45,4.25,558,545.6
685,2026-07-27,10:20,POLYMED,LOSER,1685.7,1.3,1676,1611.1
686,2026-07-27,10:20,DBL,GAINER,435,3.51,433.75,381.55
687,2026-07-27,10:20,KFINTECH,GAINER,913,6.44,872.2,855.6
688,2026-07-27,10:20,ROUTE,LOSER,544.65,-4.2,609.9,562
689,2026-07-27,10:20,WABAG,LOSER,1964.9,-3.74,2067.2,2011
690,2026-07-27,10:20,CHENNPETRO,LOSER,1176.1,-3.19,1281.9,1209
691,2026-07-27,10:20,ECLERX,LOSER,1784.5,-4.14,1898.6,1811
692,2026-07-27,10:20,BIRLACORPN,LOSER,920.65,-3.76,979,939
693,2026-07-27,10:20,VMART,LOSER,698.7,-3.58,792.3,715
694,2026-07-27,10:20,MTARTECH,LOSER,5545,-4.48,5887,5700
695,2026-07-27,10:20,HUHTAMAKI,LOSER,309.3,-2.94,320.78,288.06
696,2026-07-27,10:20,PVRINOX,GAINER,1119.8,5.25,1070,1008.2
697,2026-07-27,10:20,GALLANTT,GAINER,547.25,5,549.9,513.1
698,2026-07-27,10:20,THERMAX,LOSER,4409,-2.33,4573,4465.5
699,2026-07-27,10:20,BANKINDIA,LOSER,140.43,-1.54,143.2,139.82
700,2026-07-27,10:20,INOXINDIA,LOSER,1980.1,-1.19,2015,1968.1
701,2026-07-27,10:20,MANYAVAR,LOSER,399.15,-0.78,406.9,396
702,2026-07-27,10:20,HFCL,LOSER,194.34,-1.28,204.78,196.66
703,2026-07-27,10:20,CARTRADE,GAINER,2873.9,8.19,2741.6,2635.6
704,2026-07-27,10:23,PPLPHARMA,GAINER,189.12,4.33,182.32,178.24
705,2026-07-27,10:23,ACUTAAS,GAINER,3443.6,5.65,3457.1,3209
706,2026-07-27,10:23,CONCOR,GAINER,501.25,4.96,484.2,474.4
707,2026-07-27,10:23,TBOTEK,GAINER,1506.8,5.44,1444.3,1400.1
708,2026-07-27,10:23,KFINTECH,GAINER,912.4,6.37,872.2,855.6
709,2026-07-27,10:23,ROSSARI,GAINER,513.05,4.75,497.75,487
710,2026-07-27,10:23,CAPLIPOINT,GAINER,2614.9,5.99,2515.1,2451.4
711,2026-07-27,10:23,CARTRADE,GAINER,2904,9.32,2741.6,2635.6
712,2026-07-27,10:23,DALBHARAT,GAINER,1804.7,-0.34,1872.1,1780.8
713,2026-07-27,10:23,RKFORGE,GAINER,619.3,6.65,588.9,569.6
714,2026-07-27,10:23,PVRINOX,GAINER,1117.05,4.99,1070,1008.2
715,2026-07-27,10:23,ACI,GAINER,578.65,4.29,558,545.6
716,2026-07-27,10:23,MRPL,LOSER,164.85,-2.89,177.48,168.61
717,2026-07-27,10:23,POLYMED,LOSER,1687.4,1.41,1676,1611.1
718,2026-07-27,10:23,CHENNPETRO,LOSER,1174,-3.36,1281.9,1209
719,2026-07-27,10:23,ROUTE,LOSER,544.2,-4.28,609.9,562
720,2026-07-27,10:23,ECLERX,LOSER,1783.1,-4.21,1898.6,1811
721,2026-07-27,10:23,WABAG,LOSER,1963,-3.83,2067.2,2011
722,2026-07-27,10:23,MANYAVAR,LOSER,398.15,-1.03,406.9,396
723,2026-07-27,10:23,HUHTAMAKI,LOSER,308.99,-3.04,320.78,288.06
724,2026-07-27,10:23,BIRLACORPN,LOSER,921.85,-3.63,979,939
725,2026-07-27,10:23,MTARTECH,LOSER,5546,-4.46,5887,5700
726,2026-07-27,10:23,BANKINDIA,LOSER,140.15,-1.73,143.2,139.82
727,2026-07-27,10:23,THERMAX,LOSER,4407.5,-2.36,4573,4465.5
728,2026-07-27,10:23,VMART,LOSER,700.35,-3.35,792.3,715
729,2026-07-27,10:23,PWL,LOSER,125.69,-1.84,132.6,124.81
730,2026-07-27,10:23,INOXINDIA,LOSER,1981,-1.15,2015,1968.1
731,2026-07-27,10:23,GALLANTT,GAINER,547.25,5,549.9,513.1
732,2026-07-27,10:23,DBL,GAINER,435.2,3.56,433.75,381.55
733,2026-07-27,10:26,PPLPHARMA,GAINER,189.79,4.7,182.32,178.24
734,2026-07-27,10:26,PVRINOX,GAINER,1118.4,5.12,1070,1008.2
735,2026-07-27,10:26,TBOTEK,GAINER,1507.8,5.51,1444.3,1400.1
736,2026-07-27,10:26,DALBHARAT,GAINER,1807.6,-0.18,1872.1,1780.8
737,2026-07-27,10:26,CAPLIPOINT,GAINER,2613.3,5.93,2515.1,2451.4
738,2026-07-27,10:26,CARTRADE,GAINER,2898.5,9.11,2741.6,2635.6
739,2026-07-27,10:26,KFINTECH,GAINER,911.5,6.27,872.2,855.6
740,2026-07-27,10:26,DBL,GAINER,435.15,3.55,433.75,381.55
741,2026-07-27,10:26,ROSSARI,GAINER,512.25,4.58,497.75,487
742,2026-07-27,10:26,ACUTAAS,GAINER,3443.3,5.64,3457.1,3209
743,2026-07-27,10:26,ACI,GAINER,578.45,4.25,558,545.6
744,2026-07-27,10:26,ZENTEC,GAINER,1672.4,-5.44,1792,1746
745,2026-07-27,10:26,MRPL,LOSER,164.81,-2.91,177.48,168.61
746,2026-07-27,10:26,POLYMED,LOSER,1668.9,0.29,1676,1611.1
747,2026-07-27,10:26,CHENNPETRO,LOSER,1173,-3.44,1281.9,1209
748,2026-07-27,10:26,ROUTE,LOSER,543,-4.49,609.9,562
749,2026-07-27,10:26,CONCOR,GAINER,501.8,5.08,484.2,474.4
750,2026-07-27,10:26,ECLERX,LOSER,1783,-4.22,1898.6,1811
751,2026-07-27,10:26,WABAG,LOSER,1963.5,-3.81,2067.2,2011
752,2026-07-27,10:26,BIRLACORPN,LOSER,919.75,-3.85,979,939
753,2026-07-27,10:26,MANYAVAR,LOSER,398.5,-0.94,406.9,396
754,2026-07-27,10:26,BANKINDIA,LOSER,139.75,-2.01,143.2,139.82
755,2026-07-27,10:26,VMART,LOSER,699.65,-3.45,792.3,715
756,2026-07-27,10:26,HUHTAMAKI,LOSER,309.36,-2.92,320.78,288.06
757,2026-07-27,10:26,THERMAX,LOSER,4405.5,-2.4,4573,4465.5
758,2026-07-27,10:26,MTARTECH,LOSER,5549,-4.41,5887,5700
759,2026-07-27,10:26,PWL,LOSER,125.74,-1.8,132.6,124.81
760,2026-07-27,10:26,HFCL,LOSER,194.01,-1.44,204.78,196.66
761,2026-07-27,10:26,GALLANTT,GAINER,547.25,5,549.9,513.1
762,2026-07-27,10:29,CONCOR,GAINER,502.05,5.13,484.2,474.4
763,2026-07-27,10:29,CAPLIPOINT,GAINER,2616,6.04,2515.1,2451.4
764,2026-07-27,10:29,GALLANTT,GAINER,547.25,5,549.9,513.1
765,2026-07-27,10:29,CARTRADE,GAINER,2879,8.38,2741.6,2635.6
766,2026-07-27,10:29,PPLPHARMA,GAINER,189.49,4.53,182.32,178.24
767,2026-07-27,10:29,SAPPHIRE,GAINER,188.23,5.09,185.36,171.9
768,2026-07-27,10:29,DALBHARAT,GAINER,1808.7,-0.12,1872.1,1780.8
769,2026-07-27,10:29,LODHA,GAINER,1199.65,4.86,1166.3,1124
770,2026-07-27,10:29,ACI,GAINER,578.35,4.24,558,545.6
771,2026-07-27,10:29,ROUTE,LOSER,542.3,-4.62,609.9,562
772,2026-07-27,10:29,POLYMED,LOSER,1677,0.78,1676,1611.1
773,2026-07-27,10:29,KFINTECH,GAINER,912.8,6.42,872.2,855.6
774,2026-07-27,10:29,MRPL,LOSER,165.13,-2.72,177.48,168.61
775,2026-07-27,10:29,TBOTEK,GAINER,1509,5.6,1444.3,1400.1
776,2026-07-27,10:29,CHENNPETRO,LOSER,1174.6,-3.31,1281.9,1209
777,2026-07-27,10:29,ECLERX,LOSER,1783.2,-4.21,1898.6,1811
778,2026-07-27,10:29,WABAG,LOSER,1957.8,-4.09,2067.2,2011
779,2026-07-27,10:29,BIRLACORPN,LOSER,919.2,-3.91,979,939
780,2026-07-27,10:29,BANKINDIA,LOSER,139.66,-2.08,143.2,139.82
781,2026-07-27,10:29,DBL,GAINER,436.5,3.87,433.75,381.55
782,2026-07-27,10:29,VMART,LOSER,698.5,-3.61,792.3,715
783,2026-07-27,10:29,HUHTAMAKI,LOSER,308.75,-3.12,320.78,288.06
784,2026-07-27,10:29,MTARTECH,LOSER,5545,-4.48,5887,5700
785,2026-07-27,10:29,MANYAVAR,LOSER,398.8,-0.87,406.9,396
786,2026-07-27,10:29,THERMAX,LOSER,4405.5,-2.4,4573,4465.5
787,2026-07-27,10:29,PWL,LOSER,125.69,-1.84,132.6,124.81
788,2026-07-27,10:29,ACUTAAS,GAINER,3437.9,5.47,3457.1,3209
789,2026-07-27,10:29,HFCL,LOSER,193.67,-1.62,204.78,196.66
790,2026-07-27,10:29,PVRINOX,GAINER,1122.5,5.5,1070,1008.2
791,2026-07-27,10:32,CONCOR,GAINER,503.25,5.38,484.2,474.4
792,2026-07-27,10:32,PPLPHARMA,GAINER,189.22,4.39,182.32,178.24
793,2026-07-27,10:32,ACUTAAS,GAINER,3436.4,5.43,3457.1,3209
794,2026-07-27,10:32,DBL,GAINER,437.85,4.19,433.75,381.55
795,2026-07-27,10:32,GALLANTT,GAINER,547.25,5,549.9,513.1
796,2026-07-27,10:32,TBOTEK,GAINER,1513.6,5.92,1444.3,1400.1
797,2026-07-27,10:32,DALBHARAT,GAINER,1809.3,-0.08,1872.1,1780.8
798,2026-07-27,10:32,KFINTECH,GAINER,911.3,6.24,872.2,855.6
799,2026-07-27,10:32,CAPLIPOINT,GAINER,2614,5.95,2515.1,2451.4
800,2026-07-27,10:32,CARTRADE,GAINER,2872.6,8.14,2741.6,2635.6
801,2026-07-27,10:32,PVRINOX,GAINER,1118.8,5.16,1070,1008.2
802,2026-07-27,10:32,ZENTEC,GAINER,1681.1,-4.95,1792,1746
803,2026-07-27,10:32,LODHA,GAINER,1202.2,5.08,1166.3,1124
804,2026-07-27,10:32,GABRIEL,GAINER,1424,4.44,1386.9,1335.1
805,2026-07-27,10:32,ROUTE,LOSER,542.25,-4.63,609.9,562
806,2026-07-27,10:32,MRPL,LOSER,164.95,-2.83,177.48,168.61
807,2026-07-27,10:32,POLYMED,LOSER,1671.1,0.43,1676,1611.1
808,2026-07-27,10:32,CHENNPETRO,LOSER,1172.8,-3.46,1281.9,1209
809,2026-07-27,10:32,ECLERX,LOSER,1780.1,-4.37,1898.6,1811
810,2026-07-27,10:32,BIRLACORPN,LOSER,919.4,-3.89,979,939
811,2026-07-27,10:32,WABAG,LOSER,1959.6,-4,2067.2,2011
812,2026-07-27,10:32,BANKINDIA,LOSER,139.75,-2.01,143.2,139.82
813,2026-07-27,10:32,THERMAX,LOSER,4402.5,-2.47,4573,4465.5
814,2026-07-27,10:32,VMART,LOSER,699.75,-3.44,792.3,715
815,2026-07-27,10:32,MANYAVAR,LOSER,398.75,-0.88,406.9,396
816,2026-07-27,10:32,MTARTECH,LOSER,5549,-4.41,5887,5700
817,2026-07-27,10:32,HFCL,LOSER,194.03,-1.43,204.78,196.66
818,2026-07-27,10:32,PWL,LOSER,125.5,-1.99,132.6,124.81
819,2026-07-27,10:32,HUHTAMAKI,LOSER,309.58,-2.86,320.78,288.06
820,2026-07-27,10:35,PPLPHARMA,GAINER,189.3,4.43,182.32,178.24
821,2026-07-27,10:35,TBOTEK,GAINER,1515.6,6.06,1444.3,1400.1
822,2026-07-27,10:35,CARTRADE,GAINER,2875.7,8.26,2741.6,2635.6
823,2026-07-27,10:35,CONCOR,GAINER,502.55,5.24,484.2,474.4
824,2026-07-27,10:35,ZENTEC,GAINER,1681,-4.96,1792,1746
825,2026-07-27,10:35,KFINTECH,GAINER,908.3,5.89,872.2,855.6
826,2026-07-27,10:35,ACUTAAS,GAINER,3434.1,5.36,3457.1,3209
827,2026-07-27,10:35,SAPPHIRE,GAINER,188,4.96,185.36,171.9
828,2026-07-27,10:35,PVRINOX,GAINER,1120,5.27,1070,1008.2
829,2026-07-27,10:35,DBL,GAINER,438.3,4.3,433.75,381.55
830,2026-07-27,10:35,LODHA,GAINER,1198.85,4.79,1166.3,1124
831,2026-07-27,10:35,POLYMED,LOSER,1673.2,0.55,1676,1611.1
832,2026-07-27,10:35,DALBHARAT,GAINER,1810.8,0,1872.1,1780.8
833,2026-07-27,10:35,MRPL,LOSER,164.83,-2.9,177.48,168.61
834,2026-07-27,10:35,GALLANTT,GAINER,547.25,5,549.9,513.1
835,2026-07-27,10:35,WABAG,LOSER,1961,-3.93,2067.2,2011
836,2026-07-27,10:35,ECLERX,LOSER,1780,-4.38,1898.6,1811
837,2026-07-27,10:35,ROUTE,LOSER,542.55,-4.57,609.9,562
838,2026-07-27,10:35,CHENNPETRO,LOSER,1177.8,-3.05,1281.9,1209
839,2026-07-27,10:35,VMART,LOSER,698,-3.68,792.3,715
840,2026-07-27,10:35,MANYAVAR,LOSER,398.1,-1.04,406.9,396
841,2026-07-27,10:35,BIRLACORPN,LOSER,921.25,-3.7,979,939
842,2026-07-27,10:35,CAPLIPOINT,GAINER,2612,5.87,2515.1,2451.4
843,2026-07-27,10:35,BANKINDIA,LOSER,139.95,-1.87,143.2,139.82
844,2026-07-27,10:35,MTARTECH,LOSER,5545,-4.48,5887,5700
845,2026-07-27,10:35,PWL,LOSER,125.55,-1.95,132.6,124.81
846,2026-07-27,10:35,HUHTAMAKI,LOSER,309.79,-2.79,320.78,288.06
847,2026-07-27,10:35,THERMAX,LOSER,4420,-2.08,4573,4465.5
848,2026-07-27,10:35,AEGISLOG,LOSER,1315.4,-2.53,1360,1298.4
849,2026-07-27,10:38,CONCOR,GAINER,504.95,5.74,484.2,474.4
850,2026-07-27,10:38,ACUTAAS,GAINER,3428.9,5.2,3457.1,3209
851,2026-07-27,10:38,CARTRADE,GAINER,2882.3,8.5,2741.6,2635.6
852,2026-07-27,10:38,CAPLIPOINT,GAINER,2612.7,5.9,2515.1,2451.4
853,2026-07-27,10:38,DBL,GAINER,438.75,4.4,433.75,381.55
854,2026-07-27,10:38,ACI,GAINER,580.1,4.55,558,545.6
855,2026-07-27,10:38,ZENTEC,GAINER,1677.6,-5.15,1792,1746
856,2026-07-27,10:38,SAPPHIRE,GAINER,188.1,5.01,185.36,171.9
857,2026-07-27,10:38,KFINTECH,GAINER,906.5,5.68,872.2,855.6
858,2026-07-27,10:38,POLYMED,LOSER,1670.7,0.4,1676,1611.1
859,2026-07-27,10:38,ROUTE,LOSER,539.45,-5.12,609.9,562
860,2026-07-27,10:38,MRPL,LOSER,164.82,-2.9,177.48,168.61
861,2026-07-27,10:38,HUHTAMAKI,LOSER,307.42,-3.53,320.78,288.06
862,2026-07-27,10:38,CHENNPETRO,LOSER,1176.3,-3.17,1281.9,1209
863,2026-07-27,10:38,VMART,LOSER,698,-3.68,792.3,715
864,2026-07-27,10:38,BANKINDIA,LOSER,139.71,-2.04,143.2,139.82
865,2026-07-27,10:38,ECLERX,LOSER,1776.6,-4.56,1898.6,1811
866,2026-07-27,10:38,PVRINOX,GAINER,1119.4,5.21,1070,1008.2
867,2026-07-27,10:38,WABAG,LOSER,1965,-3.73,2067.2,2011
868,2026-07-27,10:38,MTARTECH,LOSER,5545.5,-4.47,5887,5700
869,2026-07-27,10:38,MANYAVAR,LOSER,398.15,-1.03,406.9,396
870,2026-07-27,10:38,PPLPHARMA,GAINER,189.28,4.42,182.32,178.24
871,2026-07-27,10:38,PWL,LOSER,125.57,-1.94,132.6,124.81
872,2026-07-27,10:38,HATSUN,LOSER,870.55,-1.84,891.75,871.7
873,2026-07-27,10:38,DALBHARAT,GAINER,1807.2,-0.2,1872.1,1780.8
874,2026-07-27,10:38,THERMAX,LOSER,4413.5,-2.23,4573,4465.5
875,2026-07-27,10:38,TBOTEK,GAINER,1504.3,5.27,1444.3,1400.1
876,2026-07-27,10:38,BIRLACORPN,LOSER,924.4,-3.37,979,939
877,2026-07-27,10:38,GALLANTT,GAINER,547.25,5,549.9,513.1
878,2026-07-27,10:41,PPLPHARMA,GAINER,190.55,5.12,182.32,178.24
879,2026-07-27,10:41,DALBHARAT,GAINER,1806.3,-0.25,1872.1,1780.8
880,2026-07-27,10:41,TBOTEK,GAINER,1512.5,5.84,1444.3,1400.1
881,2026-07-27,10:41,GALLANTT,GAINER,547.25,5,549.9,513.1
882,2026-07-27,10:41,CARTRADE,GAINER,2884.1,8.57,2741.6,2635.6
883,2026-07-27,10:41,PVRINOX,GAINER,1117,4.99,1070,1008.2
884,2026-07-27,10:41,CAPLIPOINT,GAINER,2612.5,5.89,2515.1,2451.4
885,2026-07-27,10:41,CONCOR,GAINER,503.95,5.53,484.2,474.4
886,2026-07-27,10:41,ACUTAAS,GAINER,3420.8,4.95,3457.1,3209
887,2026-07-27,10:41,DBL,GAINER,436.15,3.78,433.75,381.55
888,2026-07-27,10:41,ZENTEC,GAINER,1678.7,-5.09,1792,1746
889,2026-07-27,10:41,ACI,GAINER,579.8,4.5,558,545.6
890,2026-07-27,10:41,THYROCARE,GAINER,596.8,5.77,597.6,543
891,2026-07-27,10:41,POLYMED,LOSER,1672.7,0.52,1676,1611.1
892,2026-07-27,10:41,ECLERX,LOSER,1766.6,-5.1,1898.6,1811
893,2026-07-27,10:41,ROUTE,LOSER,541,-4.85,609.9,562
894,2026-07-27,10:41,MRPL,LOSER,164.86,-2.88,177.48,168.61
895,2026-07-27,10:41,CHENNPETRO,LOSER,1175.7,-3.22,1281.9,1209
896,2026-07-27,10:41,WABAG,LOSER,1965.4,-3.71,2067.2,2011
897,2026-07-27,10:41,BANKINDIA,LOSER,139.65,-2.08,143.2,139.82
898,2026-07-27,10:41,HUHTAMAKI,LOSER,308.76,-3.11,320.78,288.06
899,2026-07-27,10:41,VMART,LOSER,698.45,-3.62,792.3,715
900,2026-07-27,10:41,PWL,LOSER,125.35,-2.11,132.6,124.81
901,2026-07-27,10:41,MANYAVAR,LOSER,398.7,-0.89,406.9,396
902,2026-07-27,10:41,HFCL,LOSER,193.2,-1.85,204.78,196.66
903,2026-07-27,10:41,MTARTECH,LOSER,5555,-4.31,5887,5700
904,2026-07-27,10:41,THERMAX,LOSER,4418.5,-2.12,4573,4465.5
905,2026-07-27,10:41,BIRLACORPN,LOSER,925,-3.3,979,939
906,2026-07-27,10:44,DALBHARAT,GAINER,1807.9,-0.16,1872.1,1780.8
907,2026-07-27,10:44,CONCOR,GAINER,504.6,5.66,484.2,474.4
908,2026-07-27,10:44,THYROCARE,GAINER,603.4,6.94,597.6,543
909,2026-07-27,10:44,KFINTECH,GAINER,909,5.97,872.2,855.6
910,2026-07-27,10:44,ZENTEC,GAINER,1680.5,-4.99,1792,1746
911,2026-07-27,10:44,PVRINOX,GAINER,1116,4.89,1070,1008.2
912,2026-07-27,10:44,CAPLIPOINT,GAINER,2612,5.87,2515.1,2451.4
913,2026-07-27,10:44,POLYMED,LOSER,1669,0.3,1676,1611.1
914,2026-07-27,10:44,ECLERX,LOSER,1756.7,-5.63,1898.6,1811
915,2026-07-27,10:44,CARTRADE,GAINER,2880,8.42,2741.6,2635.6
916,2026-07-27,10:44,TBOTEK,GAINER,1510.4,5.7,1444.3,1400.1
917,2026-07-27,10:44,MRPL,LOSER,164.81,-2.91,177.48,168.61
918,2026-07-27,10:44,CHENNPETRO,LOSER,1173.2,-3.42,1281.9,1209
919,2026-07-27,10:44,ROUTE,LOSER,541,-4.85,609.9,562
920,2026-07-27,10:44,WABAG,LOSER,1966.7,-3.65,2067.2,2011
921,2026-07-27,10:44,PPLPHARMA,GAINER,190.3,4.98,182.32,178.24
922,2026-07-27,10:44,BANKINDIA,LOSER,139.8,-1.98,143.2,139.82
923,2026-07-27,10:44,GALLANTT,GAINER,547.25,5,549.9,513.1
924,2026-07-27,10:44,MANYAVAR,LOSER,398.65,-0.91,406.9,396
925,2026-07-27,10:44,MTARTECH,LOSER,5545.5,-4.47,5887,5700
926,2026-07-27,10:44,HFCL,LOSER,193.41,-1.75,204.78,196.66
927,2026-07-27,10:44,DBL,GAINER,437.3,4.06,433.75,381.55
928,2026-07-27,10:44,PWL,LOSER,125.65,-1.87,132.6,124.81
929,2026-07-27,10:44,INOXINDIA,LOSER,1977.9,-1.3,2015,1968.1
930,2026-07-27,10:44,BIRLACORPN,LOSER,922.65,-3.55,979,939
931,2026-07-27,10:44,THERMAX,LOSER,4424.5,-1.98,4573,4465.5
932,2026-07-27,10:44,AEGISLOG,LOSER,1316,-2.49,1360,1298.4
933,2026-07-27,10:44,ACUTAAS,GAINER,3417.1,4.84,3457.1,3209
934,2026-07-27,10:47,GALLANTT,GAINER,547.25,5,549.9,513.1
935,2026-07-27,10:47,CAPLIPOINT,GAINER,2614.8,5.99,2515.1,2451.4
936,2026-07-27,10:47,DALBHARAT,GAINER,1809.5,-0.07,1872.1,1780.8
937,2026-07-27,10:47,PVRINOX,GAINER,1117.65,5.05,1070,1008.2
938,2026-07-27,10:47,ZENTEC,GAINER,1684.9,-4.74,1792,1746
939,2026-07-27,10:47,KFINTECH,GAINER,908.85,5.96,872.2,855.6
940,2026-07-27,10:47,POLYMED,LOSER,1670.2,0.37,1676,1611.1
941,2026-07-27,10:47,ECLERX,LOSER,1757.3,-5.6,1898.6,1811
942,2026-07-27,10:47,CARTRADE,GAINER,2883.9,8.56,2741.6,2635.6
943,2026-07-27,10:47,THYROCARE,GAINER,603.35,6.93,597.6,543
944,2026-07-27,10:47,CONCOR,GAINER,504.2,5.58,484.2,474.4
945,2026-07-27,10:47,ROUTE,LOSER,540.5,-4.93,609.9,562
946,2026-07-27,10:47,CHENNPETRO,LOSER,1170.4,-3.65,1281.9,1209
947,2026-07-27,10:47,MRPL,LOSER,164.91,-2.85,177.48,168.61
948,2026-07-27,10:47,WABAG,LOSER,1966.1,-3.68,2067.2,2011
949,2026-07-27,10:47,ACUTAAS,GAINER,3435,5.38,3457.1,3209
950,2026-07-27,10:47,PPLPHARMA,GAINER,190.19,4.92,182.32,178.24
951,2026-07-27,10:47,PWL,LOSER,125.4,-2.07,132.6,124.81
952,2026-07-27,10:47,BANKINDIA,LOSER,139.7,-2.05,143.2,139.82
953,2026-07-27,10:47,DBL,GAINER,436.2,3.8,433.75,381.55
954,2026-07-27,10:47,MANYAVAR,LOSER,398.85,-0.86,406.9,396
955,2026-07-27,10:47,BIRLACORPN,LOSER,923.2,-3.49,979,939
956,2026-07-27,10:47,MTARTECH,LOSER,5554,-4.32,5887,5700
957,2026-07-27,10:47,TBOTEK,GAINER,1512.1,5.82,1444.3,1400.1
958,2026-07-27,10:47,HFCL,LOSER,193.75,-1.57,204.78,196.66
959,2026-07-27,10:47,BOROLTD,LOSER,232.65,0.13,237.49,226.37
960,2026-07-27,10:47,HATSUN,LOSER,873,-1.56,891.75,871.7
961,2026-07-27,10:47,THERMAX,LOSER,4424.5,-1.98,4573,4465.5
962,2026-07-27,10:50,DBL,GAINER,437.8,4.18,433.75,381.55
963,2026-07-27,10:50,PPLPHARMA,GAINER,190,4.82,182.32,178.24
964,2026-07-27,10:50,CAPLIPOINT,GAINER,2635,6.81,2515.1,2451.4
965,2026-07-27,10:50,ACUTAAS,GAINER,3446.8,5.75,3457.1,3209
966,2026-07-27,10:50,ZENTEC,GAINER,1688.7,-4.52,1792,1746
967,2026-07-27,10:50,DALBHARAT,GAINER,1806.1,-0.26,1872.1,1780.8
968,2026-07-27,10:50,ECLERX,LOSER,1752.1,-5.88,1898.6,1811
969,2026-07-27,10:50,POLYMED,LOSER,1672.9,0.53,1676,1611.1
970,2026-07-27,10:50,KFINTECH,GAINER,910.15,6.11,872.2,855.6
971,2026-07-27,10:50,PVRINOX,GAINER,1123.8,5.63,1070,1008.2
972,2026-07-27,10:50,TBOTEK,GAINER,1514.4,5.98,1444.3,1400.1
973,2026-07-27,10:50,ROUTE,LOSER,540.15,-5,609.9,562
974,2026-07-27,10:50,MRPL,LOSER,164.72,-2.96,177.48,168.61
975,2026-07-27,10:50,CONCOR,GAINER,503.45,5.42,484.2,474.4
976,2026-07-27,10:50,CHENNPETRO,LOSER,1168.9,-3.78,1281.9,1209
977,2026-07-27,10:50,WABAG,LOSER,1960.9,-3.93,2067.2,2011
978,2026-07-27,10:50,BANKINDIA,LOSER,139.48,-2.2,143.2,139.82
979,2026-07-27,10:50,THYROCARE,GAINER,600.3,6.39,597.6,543
980,2026-07-27,10:50,BIRLACORPN,LOSER,921.95,-3.62,979,939
981,2026-07-27,10:50,MANYAVAR,LOSER,398.55,-0.93,406.9,396
982,2026-07-27,10:50,GALLANTT,GAINER,547.25,5,549.9,513.1
983,2026-07-27,10:50,PWL,LOSER,125.5,-1.99,132.6,124.81
984,2026-07-27,10:50,HFCL,LOSER,193.4,-1.75,204.78,196.66
985,2026-07-27,10:50,MTARTECH,LOSER,5558.5,-4.25,5887,5700
986,2026-07-27,10:50,AEGISLOG,LOSER,1314.1,-2.63,1360,1298.4
987,2026-07-27,10:50,BOROLTD,LOSER,232.6,0.11,237.49,226.37
988,2026-07-27,10:50,THERMAX,LOSER,4421,-2.06,4573,4465.5
989,2026-07-27,10:50,CARTRADE,GAINER,2887.9,8.71,2741.6,2635.6
990,2026-07-27,10:53,PPLPHARMA,GAINER,190.32,4.99,182.32,178.24
991,2026-07-27,10:53,TBOTEK,GAINER,1512,5.81,1444.3,1400.1
992,2026-07-27,10:53,CAPLIPOINT,GAINER,2635.7,6.83,2515.1,2451.4
993,2026-07-27,10:53,THYROCARE,GAINER,600,6.34,597.6,543
994,2026-07-27,10:53,GALLANTT,GAINER,547.25,5,549.9,513.1
995,2026-07-27,10:53,ZENTEC,GAINER,1686,-4.68,1792,1746
996,2026-07-27,10:53,CONCOR,GAINER,502.7,5.27,484.2,474.4
997,2026-07-27,10:53,ECLERX,LOSER,1755.9,-5.67,1898.6,1811
998,2026-07-27,10:53,POLYMED,LOSER,1670.5,0.39,1676,1611.1
999,2026-07-27,10:53,ROSSARI,GAINER,512,4.53,497.75,487
1000,2026-07-27,10:53,CARTRADE,GAINER,2890.3,8.81,2741.6,2635.6
1001,2026-07-27,10:53,ACUTAAS,GAINER,3464,6.27,3457.1,3209
1002,2026-07-27,10:53,DBL,GAINER,438,4.22,433.75,381.55
1003,2026-07-27,10:53,PVRINOX,GAINER,1127,5.93,1070,1008.2
1004,2026-07-27,10:53,DALBHARAT,GAINER,1808.4,-0.13,1872.1,1780.8
1005,2026-07-27,10:53,ROUTE,LOSER,540.2,-4.99,609.9,562
1006,2026-07-27,10:53,MRPL,LOSER,164.71,-2.97,177.48,168.61
1007,2026-07-27,10:53,CHENNPETRO,LOSER,1170.7,-3.63,1281.9,1209
1008,2026-07-27,10:53,WABAG,LOSER,1965.5,-3.71,2067.2,2011
1009,2026-07-27,10:53,BANKINDIA,LOSER,139.66,-2.08,143.2,139.82
1010,2026-07-27,10:53,MANYAVAR,LOSER,399,-0.82,406.9,396
1011,2026-07-27,10:53,HFCL,LOSER,193.16,-1.87,204.78,196.66
1012,2026-07-27,10:53,BIRLACORPN,LOSER,921.5,-3.67,979,939
1013,2026-07-27,10:53,PWL,LOSER,125.67,-1.86,132.6,124.81
1014,2026-07-27,10:53,AEGISLOG,LOSER,1308.5,-3.05,1360,1298.4
1015,2026-07-27,10:53,MTARTECH,LOSER,5560,-4.22,5887,5700
1016,2026-07-27,10:53,BOROLTD,LOSER,232.43,0.04,237.49,226.37
1017,2026-07-27,10:53,HATSUN,LOSER,872,-1.67,891.75,871.7
1018,2026-07-27,10:56,CONCOR,GAINER,503.05,5.34,484.2,474.4
1019,2026-07-27,10:56,CARTRADE,GAINER,2892,8.87,2741.6,2635.6
1020,2026-07-27,10:56,THYROCARE,GAINER,597.8,5.95,597.6,543
1021,2026-07-27,10:56,PPLPHARMA,GAINER,190.15,4.9,182.32,178.24
1022,2026-07-27,10:56,ZENTEC,GAINER,1680,-5.01,1792,1746
1023,2026-07-27,10:56,DBL,GAINER,438.4,4.32,433.75,381.55
1024,2026-07-27,10:56,TBOTEK,GAINER,1509.6,5.64,1444.3,1400.1
1025,2026-07-27,10:56,KFINTECH,GAINER,907.5,5.8,872.2,855.6
1026,2026-07-27,10:56,ROUTE,LOSER,539.8,-5.06,609.9,562
1027,2026-07-27,10:56,POLYMED,LOSER,1671,0.42,1676,1611.1
1028,2026-07-27,10:56,ECLERX,LOSER,1766.8,-5.09,1898.6,1811
1029,2026-07-27,10:56,MRPL,LOSER,164.55,-3.06,177.48,168.61
1030,2026-07-27,10:56,CHENNPETRO,LOSER,1170.6,-3.64,1281.9,1209
1031,2026-07-27,10:56,ACUTAAS,GAINER,3438,5.48,3457.1,3209
1032,2026-07-27,10:56,WABAG,LOSER,1963,-3.83,2067.2,2011
1033,2026-07-27,10:56,CAPLIPOINT,GAINER,2633,6.72,2515.1,2451.4
1034,2026-07-27,10:56,AEGISLOG,LOSER,1307.5,-3.12,1360,1298.4
1035,2026-07-27,10:56,BANKINDIA,LOSER,139.91,-1.9,143.2,139.82
1036,2026-07-27,10:56,BIRLACORPN,LOSER,922.85,-3.53,979,939
1037,2026-07-27,10:56,MANYAVAR,LOSER,399.5,-0.7,406.9,396
1038,2026-07-27,10:56,BOROLTD,LOSER,232.12,-0.09,237.49,226.37
1039,2026-07-27,10:56,HATSUN,LOSER,871.75,-1.7,891.75,871.7
1040,2026-07-27,10:56,DALBHARAT,GAINER,1807.9,-0.16,1872.1,1780.8
1041,2026-07-27,10:56,PVRINOX,GAINER,1123.8,5.63,1070,1008.2
1042,2026-07-27,10:56,HFCL,LOSER,193.81,-1.54,204.78,196.66
1043,2026-07-27,10:56,PWL,LOSER,125.81,-1.75,132.6,124.81
1044,2026-07-27,10:56,WELCORP,LOSER,1614.8,1.12,1622.4,1566.2
1045,2026-07-27,10:56,GALLANTT,GAINER,547.25,5,549.9,513.1
1046,2026-07-27,10:59,TBOTEK,GAINER,1511.2,5.75,1444.3,1400.1
1047,2026-07-27,10:59,THYROCARE,GAINER,599.7,6.28,597.6,543
1048,2026-07-27,10:59,CARTRADE,GAINER,2891.7,8.86,2741.6,2635.6
1049,2026-07-27,10:59,CONCOR,GAINER,503.5,5.43,484.2,474.4
1050,2026-07-27,10:59,DALBHARAT,GAINER,1808.8,-0.11,1872.1,1780.8
1051,2026-07-27,10:59,ZENTEC,GAINER,1680.7,-4.98,1792,1746
1052,2026-07-27,10:59,ROSSARI,GAINER,513,4.74,497.75,487
1053,2026-07-27,10:59,CAPLIPOINT,GAINER,2634.5,6.79,2515.1,2451.4
1054,2026-07-27,10:59,ROUTE,LOSER,540.5,-4.93,609.9,562
1055,2026-07-27,10:59,POLYMED,LOSER,1673.9,0.59,1676,1611.1
1056,2026-07-27,10:59,LATENTVIEW,GAINER,314.4,6.2,297,289.3
1057,2026-07-27,10:59,MRPL,LOSER,164.56,-3.06,177.48,168.61
1058,2026-07-27,10:59,ECLERX,LOSER,1768.2,-5.01,1898.6,1811
1059,2026-07-27,10:59,PVRINOX,GAINER,1121,5.36,1070,1008.2
1060,2026-07-27,10:59,DBL,GAINER,437.65,4.14,433.75,381.55
1061,2026-07-27,10:59,PPLPHARMA,GAINER,190.23,4.94,182.32,178.24
1062,2026-07-27,10:59,CHENNPETRO,LOSER,1171.7,-3.55,1281.9,1209
1063,2026-07-27,10:59,WABAG,LOSER,1963.6,-3.8,2067.2,2011
1064,2026-07-27,10:59,AEGISLOG,LOSER,1306,-3.23,1360,1298.4
1065,2026-07-27,10:59,BANKINDIA,LOSER,139.74,-2.02,143.2,139.82
1066,2026-07-27,10:59,WELCORP,LOSER,1606,0.57,1622.4,1566.2
1067,2026-07-27,10:59,PWL,LOSER,125.47,-2.01,132.6,124.81
1068,2026-07-27,10:59,BIRLACORPN,LOSER,923.2,-3.49,979,939
1069,2026-07-27,10:59,MANYAVAR,LOSER,399.5,-0.7,406.9,396
1070,2026-07-27,10:59,BOROLTD,LOSER,232.31,-0.01,237.49,226.37
1071,2026-07-27,10:59,HFCL,LOSER,193.83,-1.53,204.78,196.66
1072,2026-07-27,10:59,INOXINDIA,LOSER,1979,-1.25,2015,1968.1
1073,2026-07-27,10:59,GALLANTT,GAINER,547.25,5,549.9,513.1
1074,2026-07-27,11:02,PVRINOX,GAINER,1125,5.74,1070,1008.2
1075,2026-07-27,11:02,CONCOR,GAINER,504.5,5.64,484.2,474.4
1076,2026-07-27,11:02,DALBHARAT,GAINER,1807.2,-0.2,1872.1,1780.8
1077,2026-07-27,11:02,THYROCARE,GAINER,598.05,5.99,597.6,543
1078,2026-07-27,11:02,ZENTEC,GAINER,1679.3,-5.05,1792,1746
1079,2026-07-27,11:02,MRPL,LOSER,164.41,-3.15,177.48,168.61
1080,2026-07-27,11:02,POLYMED,LOSER,1674.8,0.65,1676,1611.1
1081,2026-07-27,11:02,DBL,GAINER,441.2,4.99,433.75,381.55
1082,2026-07-27,11:02,TBOTEK,GAINER,1512.4,5.84,1444.3,1400.1
1083,2026-07-27,11:02,ROUTE,LOSER,540.45,-4.94,609.9,562
1084,2026-07-27,11:02,CHENNPETRO,LOSER,1171.7,-3.55,1281.9,1209
1085,2026-07-27,11:02,WABAG,LOSER,1961.1,-3.92,2067.2,2011
1086,2026-07-27,11:02,ECLERX,LOSER,1779,-4.43,1898.6,1811
1087,2026-07-27,11:02,GALLANTT,GAINER,547.25,5,549.9,513.1
1088,2026-07-27,11:02,BIRLACORPN,LOSER,922.4,-3.58,979,939
1089,2026-07-27,11:02,WELCORP,LOSER,1603.6,0.42,1622.4,1566.2
1090,2026-07-27,11:02,CARTRADE,GAINER,2888,8.72,2741.6,2635.6
1091,2026-07-27,11:02,PWL,LOSER,125.43,-2.05,132.6,124.81
1092,2026-07-27,11:02,BANKINDIA,LOSER,139.83,-1.96,143.2,139.82
1093,2026-07-27,11:02,LATENTVIEW,GAINER,318.8,7.68,297,289.3
1094,2026-07-27,11:02,AEGISLOG,LOSER,1310.5,-2.9,1360,1298.4
1095,2026-07-27,11:02,CAPLIPOINT,GAINER,2637.1,6.89,2515.1,2451.4
1096,2026-07-27,11:02,MTARTECH,LOSER,5548.5,-4.42,5887,5700
1097,2026-07-27,11:02,PPLPHARMA,GAINER,190.13,4.89,182.32,178.24
1098,2026-07-27,11:02,BOROLTD,LOSER,232.25,-0.04,237.49,226.37
1099,2026-07-27,11:02,MANYAVAR,LOSER,400,-0.57,406.9,396
1100,2026-07-27,11:02,ACUTAAS,GAINER,3419.3,4.9,3457.1,3209
1101,2026-07-27,11:02,THERMAX,LOSER,4419.5,-2.09,4573,4465.5
1102,2026-07-27,11:06,CARTRADE,GAINER,2889.2,8.76,2741.6,2635.6
1103,2026-07-27,11:06,CAPLIPOINT,GAINER,2638.5,6.95,2515.1,2451.4
1104,2026-07-27,11:06,LATENTVIEW,GAINER,317.8,7.35,297,289.3
1105,2026-07-27,11:06,ZENTEC,GAINER,1682.4,-4.88,1792,1746
1106,2026-07-27,11:06,ACUTAAS,GAINER,3411.5,4.66,3457.1,3209
1107,2026-07-27,11:06,THYROCARE,GAINER,597.5,5.89,597.6,543
1108,2026-07-27,11:06,POLYMED,LOSER,1673.2,0.55,1676,1611.1
1109,2026-07-27,11:06,ROUTE,LOSER,540.45,-4.94,609.9,562
1110,2026-07-27,11:06,MRPL,LOSER,164.58,-3.05,177.48,168.61
1111,2026-07-27,11:06,PVRINOX,GAINER,1123.65,5.61,1070,1008.2
1112,2026-07-27,11:06,WABAG,LOSER,1960,-3.98,2067.2,2011
1113,2026-07-27,11:06,DBL,GAINER,440.65,4.85,433.75,381.55
1114,2026-07-27,11:06,CHENNPETRO,LOSER,1171,-3.61,1281.9,1209
1115,2026-07-27,11:06,PPLPHARMA,GAINER,190.34,5,182.32,178.24
1116,2026-07-27,11:06,ECLERX,LOSER,1785,-4.11,1898.6,1811
1117,2026-07-27,11:06,DALBHARAT,GAINER,1806.7,-0.23,1872.1,1780.8
1118,2026-07-27,11:06,AEGISLOG,LOSER,1308.5,-3.05,1360,1298.4
1119,2026-07-27,11:06,BIRLACORPN,LOSER,921.25,-3.7,979,939
1120,2026-07-27,11:06,WELCORP,LOSER,1606.4,0.59,1622.4,1566.2
1121,2026-07-27,11:06,BANKINDIA,LOSER,139.92,-1.89,143.2,139.82
1122,2026-07-27,11:06,CONCOR,GAINER,504,5.54,484.2,474.4
1123,2026-07-27,11:06,PWL,LOSER,125.43,-2.05,132.6,124.81
1124,2026-07-27,11:06,BOROLTD,LOSER,232.34,0,237.49,226.37
1125,2026-07-27,11:06,MANYAVAR,LOSER,400,-0.57,406.9,396
1126,2026-07-27,11:06,THERMAX,LOSER,4419,-2.1,4573,4465.5
1127,2026-07-27,11:06,GALLANTT,GAINER,547.25,5,549.9,513.1
1128,2026-07-27,11:06,TBOTEK,GAINER,1511,5.74,1444.3,1400.1
1129,2026-07-27,11:06,MTARTECH,LOSER,5570,-4.05,5887,5700
1130,2026-07-27,11:09,TBOTEK,GAINER,1512.5,5.84,1444.3,1400.1
1131,2026-07-27,11:09,CAPLIPOINT,GAINER,2633.5,6.74,2515.1,2451.4
1132,2026-07-27,11:09,PVRINOX,GAINER,1123.8,5.63,1070,1008.2
1133,2026-07-27,11:09,CONCOR,GAINER,504.2,5.58,484.2,474.4
1134,2026-07-27,11:09,LATENTVIEW,GAINER,319.3,7.85,297,289.3
1135,2026-07-27,11:09,DALBHARAT,GAINER,1806.5,-0.24,1872.1,1780.8
1136,2026-07-27,11:09,THYROCARE,GAINER,607.9,7.74,597.6,543
1137,2026-07-27,11:09,ZENTEC,GAINER,1682.1,-4.9,1792,1746
1138,2026-07-27,11:09,ACUTAAS,GAINER,3407.3,4.53,3457.1,3209
1139,2026-07-27,11:09,POLYMED,LOSER,1670.1,0.37,1676,1611.1
1140,2026-07-27,11:09,MRPL,LOSER,164.52,-3.08,177.48,168.61
1141,2026-07-27,11:09,ROUTE,LOSER,540.65,-4.91,609.9,562
1142,2026-07-27,11:09,CHENNPETRO,LOSER,1171,-3.61,1281.9,1209
1143,2026-07-27,11:09,CARTRADE,GAINER,2895,8.98,2741.6,2635.6
1144,2026-07-27,11:09,WABAG,LOSER,1956.6,-4.14,2067.2,2011
1145,2026-07-27,11:09,DBL,GAINER,439.55,4.59,433.75,381.55
1146,2026-07-27,11:09,GALLANTT,GAINER,547.25,5,549.9,513.1
1147,2026-07-27,11:09,ECLERX,LOSER,1785.1,-4.1,1898.6,1811
1148,2026-07-27,11:09,BIRLACORPN,LOSER,919.55,-3.87,979,939
1149,2026-07-27,11:09,BANKINDIA,LOSER,139.75,-2.01,143.2,139.82
1150,2026-07-27,11:09,THERMAX,LOSER,4400.5,-2.51,4573,4465.5
1151,2026-07-27,11:09,PWL,LOSER,125.3,-2.15,132.6,124.81
1152,2026-07-27,11:09,WELCORP,LOSER,1607.3,0.65,1622.4,1566.2
1153,2026-07-27,11:09,AEGISLOG,LOSER,1312.1,-2.78,1360,1298.4
1154,2026-07-27,11:09,BOROLTD,LOSER,232.25,-0.04,237.49,226.37
1155,2026-07-27,11:09,INOXINDIA,LOSER,1979,-1.25,2015,1968.1
1156,2026-07-27,11:09,HATSUN,LOSER,872.9,-1.57,891.75,871.7
1157,2026-07-27,11:09,PPLPHARMA,GAINER,190.1,4.87,182.32,178.24
1158,2026-07-27,11:12,PPLPHARMA,GAINER,190.02,4.83,182.32,178.24
1159,2026-07-27,11:12,THYROCARE,GAINER,607.65,7.69,597.6,543
1160,2026-07-27,11:12,CONCOR,GAINER,504.4,5.62,484.2,474.4
1161,2026-07-27,11:12,DALBHARAT,GAINER,1806.4,-0.24,1872.1,1780.8
1162,2026-07-27,11:12,ZENTEC,GAINER,1681,-4.96,1792,1746
1163,2026-07-27,11:12,ROSSARI,GAINER,511.25,4.38,497.75,487
1164,2026-07-27,11:12,POLYMED,LOSER,1670.4,0.38,1676,1611.1
1165,2026-07-27,11:12,LATENTVIEW,GAINER,316.3,6.84,297,289.3
1166,2026-07-27,11:12,CARTRADE,GAINER,2897.2,9.06,2741.6,2635.6
1167,2026-07-27,11:12,CAPLIPOINT,GAINER,2627,6.48,2515.1,2451.4
1168,2026-07-27,11:12,ROUTE,LOSER,540.45,-4.94,609.9,562
1169,2026-07-27,11:12,MRPL,LOSER,164.55,-3.06,177.48,168.61
1170,2026-07-27,11:12,CHENNPETRO,LOSER,1170.5,-3.65,1281.9,1209
1171,2026-07-27,11:12,DBL,GAINER,440.75,4.88,433.75,381.55
1172,2026-07-27,11:12,PVRINOX,GAINER,1123.9,5.63,1070,1008.2
1173,2026-07-27,11:12,BANKINDIA,LOSER,139.68,-2.06,143.2,139.82
1174,2026-07-27,11:12,WABAG,LOSER,1958.2,-4.07,2067.2,2011
1175,2026-07-27,11:12,ECLERX,LOSER,1792.9,-3.69,1898.6,1811
1176,2026-07-27,11:12,GALLANTT,GAINER,547.25,5,549.9,513.1
1177,2026-07-27,11:12,PWL,LOSER,125.2,-2.23,132.6,124.81
1178,2026-07-27,11:12,WELCORP,LOSER,1606.1,0.58,1622.4,1566.2
1179,2026-07-27,11:12,BIRLACORPN,LOSER,922.5,-3.56,979,939
1180,2026-07-27,11:12,TBOTEK,GAINER,1511,5.74,1444.3,1400.1
1181,2026-07-27,11:12,AEGISLOG,LOSER,1313.7,-2.66,1360,1298.4
1182,2026-07-27,11:12,HATSUN,LOSER,871.75,-1.7,891.75,871.7
1183,2026-07-27,11:12,INOXINDIA,LOSER,1978.5,-1.27,2015,1968.1
1184,2026-07-27,11:12,BOROLTD,LOSER,232.68,0.15,237.49,226.37
1185,2026-07-27,11:12,GVPIL,LOSER,781,-2.46,808,772.1
1186,2026-07-27,11:15,CARTRADE,GAINER,2896.3,9.03,2741.6,2635.6
1187,2026-07-27,11:15,GALLANTT,GAINER,547.25,5,549.9,513.1
1188,2026-07-27,11:15,DALBHARAT,GAINER,1806.8,-0.22,1872.1,1780.8
1189,2026-07-27,11:15,ROSSARI,GAINER,511.9,4.51,497.75,487
1190,2026-07-27,11:15,POLYMED,LOSER,1671.1,0.43,1676,1611.1
1191,2026-07-27,11:15,ROUTE,LOSER,539.8,-5.06,609.9,562
1192,2026-07-27,11:15,MRPL,LOSER,164.72,-2.96,177.48,168.61
1193,2026-07-27,11:15,WABAG,LOSER,1954,-4.27,2067.2,2011
1194,2026-07-27,11:15,CHENNPETRO,LOSER,1172,-3.52,1281.9,1209
1195,2026-07-27,11:15,ECLERX,LOSER,1790,-3.84,1898.6,1811
1196,2026-07-27,11:15,BANKINDIA,LOSER,139.67,-2.07,143.2,139.82
1197,2026-07-27,11:15,WELCORP,LOSER,1605.1,0.51,1622.4,1566.2
1198,2026-07-27,11:15,PWL,LOSER,125.25,-2.19,132.6,124.81
1199,2026-07-27,11:15,BIRLACORPN,LOSER,923.65,-3.44,979,939
1200,2026-07-27,11:15,BOROLTD,LOSER,232.25,-0.04,237.49,226.37
1201,2026-07-27,11:15,DBL,GAINER,440.25,4.76,433.75,381.55
1202,2026-07-27,11:15,AEGISLOG,LOSER,1313.2,-2.7,1360,1298.4
1203,2026-07-27,11:15,CONCOR,GAINER,506.15,5.99,484.2,474.4
1204,2026-07-27,11:15,HATSUN,LOSER,871.6,-1.72,891.75,871.7
1205,2026-07-27,11:15,MTARTECH,LOSER,5574,-3.98,5887,5700
1206,2026-07-27,11:15,INOXINDIA,LOSER,1983.1,-1.04,2015,1968.1
1207,2026-07-27,11:15,PPLPHARMA,GAINER,191.7,5.75,182.32,178.24
1208,2026-07-27,11:15,PVRINOX,GAINER,1125.75,5.81,1070,1008.2
1209,2026-07-27,11:15,CAPLIPOINT,GAINER,2622,6.28,2515.1,2451.4
1210,2026-07-27,11:15,LATENTVIEW,GAINER,315.65,6.62,297,289.3
1211,2026-07-27,11:15,ZENTEC,GAINER,1704,-3.66,1792,1746
1212,2026-07-27,11:15,THYROCARE,GAINER,607.6,7.68,597.6,543
1213,2026-07-27,11:15,TBOTEK,GAINER,1511,5.74,1444.3,1400.1
1214,2026-07-27,11:18,PPLPHARMA,GAINER,191.4,5.59,182.32,178.24
1215,2026-07-27,11:18,TBOTEK,GAINER,1511.8,5.79,1444.3,1400.1
1216,2026-07-27,11:18,ZENTEC,GAINER,1704.5,-3.63,1792,1746
1217,2026-07-27,11:18,GALLANTT,GAINER,547.25,5,549.9,513.1
1218,2026-07-27,11:18,THYROCARE,GAINER,607,7.58,597.6,543
1219,2026-07-27,11:18,ROSSARI,GAINER,513.35,4.81,497.75,487
1220,2026-07-27,11:18,POLYMED,LOSER,1670,0.36,1676,1611.1
1221,2026-07-27,11:18,ACUTAAS,GAINER,3418,4.86,3457.1,3209
1222,2026-07-27,11:18,DBL,GAINER,439.75,4.64,433.75,381.55
1223,2026-07-27,11:18,CAPLIPOINT,GAINER,2624.6,6.38,2515.1,2451.4
1224,2026-07-27,11:18,ROUTE,LOSER,540,-5.02,609.9,562
1225,2026-07-27,11:18,MRPL,LOSER,164.59,-3.04,177.48,168.61
1226,2026-07-27,11:18,CONCOR,GAINER,505.6,5.87,484.2,474.4
1227,2026-07-27,11:18,WABAG,LOSER,1959.1,-4.02,2067.2,2011
1228,2026-07-27,11:18,CARTRADE,GAINER,2898,9.1,2741.6,2635.6
1229,2026-07-27,11:18,CHENNPETRO,LOSER,1172.8,-3.46,1281.9,1209
1230,2026-07-27,11:18,BANKINDIA,LOSER,139.69,-2.05,143.2,139.82
1231,2026-07-27,11:18,PVRINOX,GAINER,1129.2,6.13,1070,1008.2
1232,2026-07-27,11:18,WELCORP,LOSER,1605,0.51,1622.4,1566.2
1233,2026-07-27,11:18,PWL,LOSER,125.3,-2.15,132.6,124.81
1234,2026-07-27,11:18,BIRLACORPN,LOSER,922.85,-3.53,979,939
1235,2026-07-27,11:18,LATENTVIEW,GAINER,318.6,7.62,297,289.3
1236,2026-07-27,11:18,BOROLTD,LOSER,232.28,-0.03,237.49,226.37
1237,2026-07-27,11:18,AEGISLOG,LOSER,1315.3,-2.54,1360,1298.4
1238,2026-07-27,11:18,HATSUN,LOSER,872,-1.67,891.75,871.7
1239,2026-07-27,11:18,ECLERX,LOSER,1803.8,-3.1,1898.6,1811
1240,2026-07-27,11:18,MTARTECH,LOSER,5570,-4.05,5887,5700
1241,2026-07-27,11:18,INOXINDIA,LOSER,1983.5,-1.02,2015,1968.1
1242,2026-07-27,11:21,PVRINOX,GAINER,1127.75,6,1070,1008.2
1243,2026-07-27,11:21,GALLANTT,GAINER,547.25,5,549.9,513.1
1244,2026-07-27,11:21,ZENTEC,GAINER,1697,-4.05,1792,1746
1245,2026-07-27,11:21,CONCOR,GAINER,505.1,5.77,484.2,474.4
1246,2026-07-27,11:21,DALBHARAT,GAINER,1806,-0.27,1872.1,1780.8
1247,2026-07-27,11:21,TBOTEK,GAINER,1511.7,5.79,1444.3,1400.1
1248,2026-07-27,11:21,CAPLIPOINT,GAINER,2621.2,6.25,2515.1,2451.4
1249,2026-07-27,11:21,POLYMED,LOSER,1672.1,0.49,1676,1611.1
1250,2026-07-27,11:21,ROSSARI,GAINER,513,4.74,497.75,487
1251,2026-07-27,11:21,MRPL,LOSER,164.45,-3.12,177.48,168.61
1252,2026-07-27,11:21,LATENTVIEW,GAINER,320.8,8.36,297,289.3
1253,2026-07-27,11:21,CHENNPETRO,LOSER,1171.2,-3.59,1281.9,1209
1254,2026-07-27,11:21,ROUTE,LOSER,540,-5.02,609.9,562
1255,2026-07-27,11:21,WABAG,LOSER,1956.6,-4.14,2067.2,2011
1256,2026-07-27,11:21,DBL,GAINER,442.05,5.19,433.75,381.55
1257,2026-07-27,11:21,WELCORP,LOSER,1601.2,0.27,1622.4,1566.2
1258,2026-07-27,11:21,PPLPHARMA,GAINER,191.44,5.61,182.32,178.24
1259,2026-07-27,11:21,BANKINDIA,LOSER,139.5,-2.19,143.2,139.82
1260,2026-07-27,11:21,PWL,LOSER,125.22,-2.21,132.6,124.81
1261,2026-07-27,11:21,THYROCARE,GAINER,607.7,7.7,597.6,543
1262,2026-07-27,11:21,CARTRADE,GAINER,2904,9.32,2741.6,2635.6
1263,2026-07-27,11:21,BOROLTD,LOSER,231.55,-0.34,237.49,226.37
1264,2026-07-27,11:21,MTARTECH,LOSER,5546,-4.46,5887,5700
1265,2026-07-27,11:21,ECLERX,LOSER,1800,-3.3,1898.6,1811
1266,2026-07-27,11:21,HATSUN,LOSER,871.9,-1.69,891.75,871.7
1267,2026-07-27,11:21,BIRLACORPN,LOSER,924.75,-3.33,979,939
1268,2026-07-27,11:21,AEGISLOG,LOSER,1315,-2.56,1360,1298.4
1269,2026-07-27,11:21,THERMAX,LOSER,4429.5,-1.87,4573,4465.5
1270,2026-07-27,11:24,CARTRADE,GAINER,2900,9.17,2741.6,2635.6
1271,2026-07-27,11:24,PVRINOX,GAINER,1128.05,6.02,1070,1008.2
1272,2026-07-27,11:24,DBL,GAINER,441.3,5.01,433.75,381.55
1273,2026-07-27,11:24,LATENTVIEW,GAINER,318,7.41,297,289.3
1274,2026-07-27,11:24,CONCOR,GAINER,505,5.75,484.2,474.4
1275,2026-07-27,11:24,THYROCARE,GAINER,606.5,7.49,597.6,543
1276,2026-07-27,11:24,GALLANTT,GAINER,547.25,5,549.9,513.1
1277,2026-07-27,11:24,ZENTEC,GAINER,1701.6,-3.79,1792,1746
1278,2026-07-27,11:24,PPLPHARMA,GAINER,191.61,5.7,182.32,178.24
1279,2026-07-27,11:24,CAPLIPOINT,GAINER,2620,6.2,2515.1,2451.4
1280,2026-07-27,11:24,TBOTEK,GAINER,1508.9,5.59,1444.3,1400.1
1281,2026-07-27,11:24,REDINGTON,GAINER,272.55,5.21,263.65,255.7
1282,2026-07-27,11:24,DALBHARAT,GAINER,1807.1,-0.2,1872.1,1780.8
1283,2026-07-27,11:24,ROUTE,LOSER,540,-5.02,609.9,562
1284,2026-07-27,11:24,WABAG,LOSER,1956.6,-4.14,2067.2,2011
1285,2026-07-27,11:24,POLYMED,LOSER,1671.2,0.43,1676,1611.1
1286,2026-07-27,11:24,MRPL,LOSER,164.65,-3,177.48,168.61
1287,2026-07-27,11:24,ROSSARI,GAINER,513.2,4.78,497.75,487
1288,2026-07-27,11:24,CHENNPETRO,LOSER,1173.6,-3.39,1281.9,1209
1289,2026-07-27,11:24,BANKINDIA,LOSER,139.57,-2.14,143.2,139.82
1290,2026-07-27,11:24,WELCORP,LOSER,1603.3,0.4,1622.4,1566.2
1291,2026-07-27,11:24,PWL,LOSER,125.16,-2.26,132.6,124.81
1292,2026-07-27,11:24,BOROLTD,LOSER,231.84,-0.22,237.49,226.37
1293,2026-07-27,11:24,MTARTECH,LOSER,5555,-4.31,5887,5700
1294,2026-07-27,11:24,HATSUN,LOSER,871.85,-1.69,891.75,871.7
1295,2026-07-27,11:24,ECLERX,LOSER,1800,-3.3,1898.6,1811
1296,2026-07-27,11:24,BIRLACORPN,LOSER,924.25,-3.38,979,939
1297,2026-07-27,11:24,AEGISLOG,LOSER,1316.8,-2.43,1360,1298.4
1298,2026-07-27,11:24,THERMAX,LOSER,4431,-1.84,4573,4465.5
1299,2026-07-27,11:27,PVRINOX,GAINER,1128.2,6.04,1070,1008.2
1300,2026-07-27,11:27,GALLANTT,GAINER,547.25,5,549.9,513.1
1301,2026-07-27,11:27,LATENTVIEW,GAINER,317.15,7.13,297,289.3
1302,2026-07-27,11:27,DBL,GAINER,440.95,4.93,433.75,381.55
1303,2026-07-27,11:27,PPLPHARMA,GAINER,191.61,5.7,182.32,178.24
1304,2026-07-27,11:27,THYROCARE,GAINER,605.2,7.26,597.6,543
1305,2026-07-27,11:27,CONCOR,GAINER,505.1,5.77,484.2,474.4
1306,2026-07-27,11:27,CAPLIPOINT,GAINER,2623.7,6.35,2515.1,2451.4
1307,2026-07-27,11:27,ZENTEC,GAINER,1700.9,-3.83,1792,1746
1308,2026-07-27,11:27,REDINGTON,GAINER,272.65,5.25,263.65,255.7
1309,2026-07-27,11:27,TBOTEK,GAINER,1509.1,5.61,1444.3,1400.1
1310,2026-07-27,11:27,DALBHARAT,GAINER,1807.8,-0.17,1872.1,1780.8
1311,2026-07-27,11:27,ROSSARI,GAINER,513.15,4.77,497.75,487
1312,2026-07-27,11:27,MRPL,LOSER,164.66,-3,177.48,168.61
1313,2026-07-27,11:27,POLYMED,LOSER,1670,0.36,1676,1611.1
1314,2026-07-27,11:27,ROUTE,LOSER,540.1,-5,609.9,562
1315,2026-07-27,11:27,CHENNPETRO,LOSER,1173.6,-3.39,1281.9,1209
1316,2026-07-27,11:27,WABAG,LOSER,1958.2,-4.07,2067.2,2011
1317,2026-07-27,11:27,BANKINDIA,LOSER,139.59,-2.12,143.2,139.82
1318,2026-07-27,11:27,CARTRADE,GAINER,2957.2,11.32,2741.6,2635.6
1319,2026-07-27,11:27,WELCORP,LOSER,1600.9,0.25,1622.4,1566.2
1320,2026-07-27,11:27,PWL,LOSER,125.2,-2.23,132.6,124.81
1321,2026-07-27,11:27,MTARTECH,LOSER,5556,-4.29,5887,5700
1322,2026-07-27,11:27,BOROLTD,LOSER,231.75,-0.25,237.49,226.37
1323,2026-07-27,11:27,ECLERX,LOSER,1802.5,-3.17,1898.6,1811
1324,2026-07-27,11:27,BIRLACORPN,LOSER,924.3,-3.38,979,939
1325,2026-07-27,11:27,AEGISLOG,LOSER,1316.8,-2.43,1360,1298.4
1326,2026-07-27,11:27,HATSUN,LOSER,873.4,-1.52,891.75,871.7
1327,2026-07-27,11:27,THERMAX,LOSER,4429,-1.88,4573,4465.5
1328,2026-07-27,11:30,DBL,GAINER,440.9,4.91,433.75,381.55
1329,2026-07-27,11:30,GALLANTT,GAINER,547.25,5,549.9,513.1
1330,2026-07-27,11:30,ZENTEC,GAINER,1702.5,-3.74,1792,1746
1331,2026-07-27,11:30,LATENTVIEW,GAINER,316.2,6.81,297,289.3
1332,2026-07-27,11:30,TBOTEK,GAINER,1510.9,5.73,1444.3,1400.1
1333,2026-07-27,11:30,REDINGTON,GAINER,273,5.39,263.65,255.7
1334,2026-07-27,11:30,THYROCARE,GAINER,606.2,7.43,597.6,543
1335,2026-07-27,11:30,ROSSARI,GAINER,513.15,4.77,497.75,487
1336,2026-07-27,11:30,DALBHARAT,GAINER,1808.6,-0.12,1872.1,1780.8
1337,2026-07-27,11:30,CAPLIPOINT,GAINER,2623.9,6.36,2515.1,2451.4
1338,2026-07-27,11:30,ROUTE,LOSER,540.7,-4.9,609.9,562
1339,2026-07-27,11:30,MRPL,LOSER,164.69,-2.98,177.48,168.61
1340,2026-07-27,11:30,POLYMED,LOSER,1669.3,0.32,1676,1611.1
1341,2026-07-27,11:30,CONCOR,GAINER,504.8,5.71,484.2,474.4
1342,2026-07-27,11:30,CHENNPETRO,LOSER,1172.4,-3.49,1281.9,1209
1343,2026-07-27,11:30,CARTRADE,GAINER,2919.8,9.92,2741.6,2635.6
1344,2026-07-27,11:30,WABAG,LOSER,1960.8,-3.94,2067.2,2011
1345,2026-07-27,11:30,BANKINDIA,LOSER,139.52,-2.17,143.2,139.82
1346,2026-07-27,11:30,WELCORP,LOSER,1602.6,0.36,1622.4,1566.2
1347,2026-07-27,11:30,PWL,LOSER,125.25,-2.19,132.6,124.81
1348,2026-07-27,11:30,BIRLACORPN,LOSER,923.35,-3.48,979,939
1349,2026-07-27,11:30,BOROLTD,LOSER,231.75,-0.25,237.49,226.37
1350,2026-07-27,11:30,PPLPHARMA,GAINER,191.66,5.73,182.32,178.24
1351,2026-07-27,11:30,AEGISLOG,LOSER,1317.1,-2.41,1360,1298.4
1352,2026-07-27,11:30,MTARTECH,LOSER,5556,-4.29,5887,5700
1353,2026-07-27,11:30,ECLERX,LOSER,1804.2,-3.08,1898.6,1811
1354,2026-07-27,11:30,HATSUN,LOSER,872.8,-1.58,891.75,871.7
1355,2026-07-27,11:30,THERMAX,LOSER,4430,-1.86,4573,4465.5
1356,2026-07-27,11:30,PVRINOX,GAINER,1128,6.02,1070,1008.2
1357,2026-07-27,11:33,DBL,GAINER,441.15,4.97,433.75,381.55
1358,2026-07-27,11:33,TBOTEK,GAINER,1510.8,5.72,1444.3,1400.1
1359,2026-07-27,11:33,ZENTEC,GAINER,1700,-3.88,1792,1746
1360,2026-07-27,11:33,CONCOR,GAINER,504.9,5.73,484.2,474.4
1361,2026-07-27,11:33,THYROCARE,GAINER,609.25,7.98,597.6,543
1362,2026-07-27,11:33,CARTRADE,GAINER,2914.4,9.71,2741.6,2635.6
1363,2026-07-27,11:33,PVRINOX,GAINER,1122.85,5.54,1070,1008.2
1364,2026-07-27,11:33,REDINGTON,GAINER,273.3,5.5,263.65,255.7
1365,2026-07-27,11:33,BALAMINES,GAINER,2321,6.74,2332.7,2123.5
1366,2026-07-27,11:33,DALBHARAT,GAINER,1807,-0.21,1872.1,1780.8
1367,2026-07-27,11:33,CAPLIPOINT,GAINER,2621.9,6.27,2515.1,2451.4
1368,2026-07-27,11:33,MRPL,LOSER,164.71,-2.97,177.48,168.61
1369,2026-07-27,11:33,POLYMED,LOSER,1669.7,0.34,1676,1611.1
1370,2026-07-27,11:33,PPLPHARMA,GAINER,191.48,5.63,182.32,178.24
1371,2026-07-27,11:33,CHENNPETRO,LOSER,1173,-3.44,1281.9,1209
1372,2026-07-27,11:33,WABAG,LOSER,1962.7,-3.85,2067.2,2011
1373,2026-07-27,11:33,BANKINDIA,LOSER,139.51,-2.18,143.2,139.82
1374,2026-07-27,11:33,ROUTE,LOSER,542,-4.67,609.9,562
1375,2026-07-27,11:33,PWL,LOSER,125.25,-2.19,132.6,124.81
1376,2026-07-27,11:33,WELCORP,LOSER,1602.6,0.36,1622.4,1566.2
1377,2026-07-27,11:33,GALLANTT,GAINER,547.25,5,549.9,513.1
1378,2026-07-27,11:33,BOROLTD,LOSER,231.8,-0.23,237.49,226.37
1379,2026-07-27,11:33,ECLERX,LOSER,1800,-3.3,1898.6,1811
1380,2026-07-27,11:33,BIRLACORPN,LOSER,924.1,-3.4,979,939
1381,2026-07-27,11:33,MTARTECH,LOSER,5557,-4.27,5887,5700
1382,2026-07-27,11:33,HATSUN,LOSER,872.7,-1.6,891.75,871.7
1383,2026-07-27,11:33,THERMAX,LOSER,4436,-1.73,4573,4465.5
1384,2026-07-27,11:33,AEGISLOG,LOSER,1316.8,-2.43,1360,1298.4
1385,2026-07-27,11:33,LATENTVIEW,GAINER,315.45,6.55,297,289.3
1386,2026-07-27,11:36,ZENTEC,GAINER,1700.5,-3.86,1792,1746
1387,2026-07-27,11:36,CARTRADE,GAINER,2917.5,9.83,2741.6,2635.6
1388,2026-07-27,11:36,PVRINOX,GAINER,1121.6,5.42,1070,1008.2
1389,2026-07-27,11:36,TBOTEK,GAINER,1506,5.39,1444.3,1400.1
1390,2026-07-27,11:36,GALLANTT,GAINER,547.25,5,549.9,513.1
1391,2026-07-27,11:36,CONCOR,GAINER,505,5.75,484.2,474.4
1392,2026-07-27,11:36,DALBHARAT,GAINER,1806.5,-0.24,1872.1,1780.8
1393,2026-07-27,11:36,DBL,GAINER,442.3,5.25,433.75,381.55
1394,2026-07-27,11:36,BALAMINES,GAINER,2314.2,6.42,2332.7,2123.5
1395,2026-07-27,11:36,POLYMED,LOSER,1671.2,0.43,1676,1611.1
1396,2026-07-27,11:36,MRPL,LOSER,164.52,-3.08,177.48,168.61
1397,2026-07-27,11:36,ROUTE,LOSER,542.2,-4.63,609.9,562
1398,2026-07-27,11:36,CHENNPETRO,LOSER,1171,-3.61,1281.9,1209
1399,2026-07-27,11:36,THYROCARE,GAINER,609.9,8.09,597.6,543
1400,2026-07-27,11:36,WABAG,LOSER,1964,-3.78,2067.2,2011
1401,2026-07-27,11:36,BANKINDIA,LOSER,139.41,-2.25,143.2,139.82
1402,2026-07-27,11:36,WELCORP,LOSER,1602.2,0.33,1622.4,1566.2
1403,2026-07-27,11:36,CAPLIPOINT,GAINER,2627.7,6.51,2515.1,2451.4
1404,2026-07-27,11:36,PWL,LOSER,125.45,-2.03,132.6,124.81
1405,2026-07-27,11:36,BOROLTD,LOSER,231.77,-0.25,237.49,226.37
1406,2026-07-27,11:36,LATENTVIEW,GAINER,315.75,6.65,297,289.3
1407,2026-07-27,11:36,MTARTECH,LOSER,5550,-4.39,5887,5700
1408,2026-07-27,11:36,BIRLACORPN,LOSER,923,-3.51,979,939
1409,2026-07-27,11:36,ECLERX,LOSER,1800,-3.3,1898.6,1811
1410,2026-07-27,11:36,HATSUN,LOSER,872,-1.67,891.75,871.7
1411,2026-07-27,11:36,AEGISLOG,LOSER,1315,-2.56,1360,1298.4
1412,2026-07-27,11:36,FORCEMOT,LOSER,17307,-1.78,17880,17172
1413,2026-07-27,11:36,PPLPHARMA,GAINER,191.42,5.6,182.32,178.24
1414,2026-07-27,11:36,REDINGTON,GAINER,276.5,6.74,263.65,255.7
1415,2026-07-27,11:39,DBL,GAINER,443,5.41,433.75,381.55
1416,2026-07-27,11:39,LATENTVIEW,GAINER,315.8,6.67,297,289.3
1417,2026-07-27,11:39,TBOTEK,GAINER,1508.6,5.57,1444.3,1400.1
1418,2026-07-27,11:39,PPLPHARMA,GAINER,191.5,5.64,182.32,178.24
1419,2026-07-27,11:39,CAPLIPOINT,GAINER,2635.3,6.82,2515.1,2451.4
1420,2026-07-27,11:39,CONCOR,GAINER,505,5.75,484.2,474.4
1421,2026-07-27,11:39,PVRINOX,GAINER,1122.15,5.47,1070,1008.2
1422,2026-07-27,11:39,THYROCARE,GAINER,610.3,8.16,597.6,543
1423,2026-07-27,11:39,DALBHARAT,GAINER,1807.8,-0.17,1872.1,1780.8
1424,2026-07-27,11:39,LAURUSLABS,GAINER,1698.8,6.1,1610,1554.9
1425,2026-07-27,11:39,MRPL,LOSER,164.62,-3.02,177.48,168.61
1426,2026-07-27,11:39,POLYMED,LOSER,1670.1,0.37,1676,1611.1
1427,2026-07-27,11:39,ROUTE,LOSER,541.6,-4.74,609.9,562
1428,2026-07-27,11:39,WABAG,LOSER,1955,-4.22,2067.2,2011
1429,2026-07-27,11:39,GALLANTT,GAINER,547.25,5,549.9,513.1
1430,2026-07-27,11:39,CHENNPETRO,LOSER,1172.1,-3.51,1281.9,1209
1431,2026-07-27,11:39,BANKINDIA,LOSER,139.3,-2.33,143.2,139.82
1432,2026-07-27,11:39,WELCORP,LOSER,1603,0.38,1622.4,1566.2
1433,2026-07-27,11:39,REDINGTON,GAINER,277.75,7.22,263.65,255.7
1434,2026-07-27,11:39,PWL,LOSER,125.34,-2.12,132.6,124.81
1435,2026-07-27,11:39,ZENTEC,GAINER,1699.9,-3.89,1792,1746
1436,2026-07-27,11:39,CARTRADE,GAINER,2915.9,9.77,2741.6,2635.6
1437,2026-07-27,11:39,BIRLACORPN,LOSER,922.85,-3.53,979,939
1438,2026-07-27,11:39,BOROLTD,LOSER,231.88,-0.2,237.49,226.37
1439,2026-07-27,11:39,ECLERX,LOSER,1800.8,-3.26,1898.6,1811
1440,2026-07-27,11:39,MTARTECH,LOSER,5570,-4.05,5887,5700
1441,2026-07-27,11:39,HATSUN,LOSER,871.4,-1.74,891.75,871.7
1442,2026-07-27,11:39,AEGISLOG,LOSER,1315.9,-2.5,1360,1298.4
1443,2026-07-27,11:39,HFCL,LOSER,194.35,-1.27,204.78,196.66
1444,2026-07-27,11:42,CONCOR,GAINER,505.45,5.84,484.2,474.4
1445,2026-07-27,11:42,THYROCARE,GAINER,604.45,7.12,597.6,543
1446,2026-07-27,11:42,CARTRADE,GAINER,2919,9.89,2741.6,2635.6
1447,2026-07-27,11:42,TBOTEK,GAINER,1507.2,5.47,1444.3,1400.1
1448,2026-07-27,11:42,ZENTEC,GAINER,1696.8,-4.07,1792,1746
1449,2026-07-27,11:42,LAURUSLABS,GAINER,1698,6.05,1610,1554.9
1450,2026-07-27,11:42,PVRINOX,GAINER,1120,5.27,1070,1008.2
1451,2026-07-27,11:42,CAPLIPOINT,GAINER,2630,6.6,2515.1,2451.4
1452,2026-07-27,11:42,DALBHARAT,GAINER,1807.1,-0.2,1872.1,1780.8
1453,2026-07-27,11:42,POLYMED,LOSER,1670.4,0.38,1676,1611.1
1454,2026-07-27,11:42,DBL,GAINER,442.8,5.37,433.75,381.55
1455,2026-07-27,11:42,ROUTE,LOSER,541,-4.85,609.9,562
1456,2026-07-27,11:42,MRPL,LOSER,164.57,-3.05,177.48,168.61
1457,2026-07-27,11:42,BANKINDIA,LOSER,139.42,-2.24,143.2,139.82
1458,2026-07-27,11:42,CHENNPETRO,LOSER,1173.5,-3.4,1281.9,1209
1459,2026-07-27,11:42,PWL,LOSER,125.39,-2.08,132.6,124.81
1460,2026-07-27,11:42,WELCORP,LOSER,1608.5,0.73,1622.4,1566.2
1461,2026-07-27,11:42,WABAG,LOSER,1956.2,-4.16,2067.2,2011
1462,2026-07-27,11:42,HATSUN,LOSER,870.45,-1.85,891.75,871.7
1463,2026-07-27,11:42,ECLERX,LOSER,1800.3,-3.29,1898.6,1811
1464,2026-07-27,11:42,BOROLTD,LOSER,232.22,-0.05,237.49,226.37
1465,2026-07-27,11:42,BIRLACORPN,LOSER,926.25,-3.17,979,939
1466,2026-07-27,11:42,HFCL,LOSER,194.01,-1.44,204.78,196.66
1467,2026-07-27,11:42,AEGISLOG,LOSER,1316.4,-2.46,1360,1298.4
1468,2026-07-27,11:42,REDINGTON,GAINER,276.7,6.81,263.65,255.7
1469,2026-07-27,11:42,MTARTECH,LOSER,5575,-3.96,5887,5700
1470,2026-07-27,11:42,PPLPHARMA,GAINER,191.82,5.82,182.32,178.24
1471,2026-07-27,11:42,GALLANTT,GAINER,547.25,5,549.9,513.1
1472,2026-07-27,11:42,LATENTVIEW,GAINER,316.4,6.87,297,289.3
1473,2026-07-27,11:45,ZENTEC,GAINER,1700,-3.88,1792,1746
1474,2026-07-27,11:45,GALLANTT,GAINER,547.25,5,549.9,513.1
1475,2026-07-27,11:45,CAPLIPOINT,GAINER,2627.2,6.49,2515.1,2451.4
1476,2026-07-27,11:45,DBL,GAINER,442.7,5.34,433.75,381.55
1477,2026-07-27,11:45,THYROCARE,GAINER,605,7.22,597.6,543
1478,2026-07-27,11:45,LATENTVIEW,GAINER,316.5,6.91,297,289.3
1479,2026-07-27,11:45,PPLPHARMA,GAINER,190.46,5.07,182.32,178.24
1480,2026-07-27,11:45,REDINGTON,GAINER,277.4,7.08,263.65,255.7
1481,2026-07-27,11:45,CARTRADE,GAINER,2914,9.7,2741.6,2635.6
1482,2026-07-27,11:45,CONCOR,GAINER,506.45,6.05,484.2,474.4
1483,2026-07-27,11:45,TBOTEK,GAINER,1506.2,5.4,1444.3,1400.1
1484,2026-07-27,11:45,LAURUSLABS,GAINER,1698.7,6.09,1610,1554.9
1485,2026-07-27,11:45,PVRINOX,GAINER,1120,5.27,1070,1008.2
1486,2026-07-27,11:45,DALBHARAT,GAINER,1806.8,-0.22,1872.1,1780.8
1487,2026-07-27,11:45,POLYMED,LOSER,1670,0.36,1676,1611.1
1488,2026-07-27,11:45,ROUTE,LOSER,540.2,-4.99,609.9,562
1489,2026-07-27,11:45,CHENNPETRO,LOSER,1174.5,-3.32,1281.9,1209
1490,2026-07-27,11:45,WABAG,LOSER,1955,-4.22,2067.2,2011
1491,2026-07-27,11:45,MRPL,LOSER,164.6,-3.03,177.48,168.61
1492,2026-07-27,11:45,BANKINDIA,LOSER,139.3,-2.33,143.2,139.82
1493,2026-07-27,11:45,PWL,LOSER,125.3,-2.15,132.6,124.81
1494,2026-07-27,11:45,WELCORP,LOSER,1609.1,0.76,1622.4,1566.2
1495,2026-07-27,11:45,HATSUN,LOSER,870,-1.9,891.75,871.7
1496,2026-07-27,11:45,ECLERX,LOSER,1800,-3.3,1898.6,1811
1497,2026-07-27,11:45,BOROLTD,LOSER,232,-0.15,237.49,226.37
1498,2026-07-27,11:45,HFCL,LOSER,193.8,-1.55,204.78,196.66
1499,2026-07-27,11:45,BIRLACORPN,LOSER,926,-3.2,979,939
1500,2026-07-27,11:45,AEGISLOG,LOSER,1315.4,-2.53,1360,1298.4
1501,2026-07-27,11:45,TATACOMM,LOSER,1737,-2.16,1799.9,1751.7
1502,2026-07-27,11:48,LATENTVIEW,GAINER,319.6,7.95,297,289.3
1503,2026-07-27,11:48,GALLANTT,GAINER,547.25,5,549.9,513.1
1504,2026-07-27,11:48,PPLPHARMA,GAINER,190.46,5.07,182.32,178.24
1505,2026-07-27,11:48,CARTRADE,GAINER,2953.4,11.18,2741.6,2635.6
1506,2026-07-27,11:48,CAPLIPOINT,GAINER,2627.8,6.51,2515.1,2451.4
1507,2026-07-27,11:48,TBOTEK,GAINER,1505.9,5.38,1444.3,1400.1
1508,2026-07-27,11:48,REDINGTON,GAINER,277,6.93,263.65,255.7
1509,2026-07-27,11:48,THYROCARE,GAINER,599.15,6.19,597.6,543
1510,2026-07-27,11:48,PVRINOX,GAINER,1120,5.27,1070,1008.2
1511,2026-07-27,11:48,DALBHARAT,GAINER,1806,-0.27,1872.1,1780.8
1512,2026-07-27,11:48,CONCOR,GAINER,505.65,5.88,484.2,474.4
1513,2026-07-27,11:48,LAURUSLABS,GAINER,1700.8,6.22,1610,1554.9
1514,2026-07-27,11:48,POLYMED,LOSER,1671.4,0.44,1676,1611.1
1515,2026-07-27,11:48,ROUTE,LOSER,540.4,-4.95,609.9,562
1516,2026-07-27,11:48,MRPL,LOSER,164.63,-3.02,177.48,168.61
1517,2026-07-27,11:48,WABAG,LOSER,1956.1,-4.17,2067.2,2011
1518,2026-07-27,11:48,CHENNPETRO,LOSER,1174.1,-3.35,1281.9,1209
1519,2026-07-27,11:48,DBL,GAINER,441.9,5.15,433.75,381.55
1520,2026-07-27,11:48,BANKINDIA,LOSER,139.3,-2.33,143.2,139.82
1521,2026-07-27,11:48,PWL,LOSER,125.27,-2.17,132.6,124.81
1522,2026-07-27,11:48,WELCORP,LOSER,1607.2,0.64,1622.4,1566.2
1523,2026-07-27,11:48,AEGISLOG,LOSER,1311.5,-2.82,1360,1298.4
1524,2026-07-27,11:48,HATSUN,LOSER,870.25,-1.87,891.75,871.7
1525,2026-07-27,11:48,BOROLTD,LOSER,232,-0.15,237.49,226.37
1526,2026-07-27,11:48,HFCL,LOSER,193.95,-1.47,204.78,196.66
1527,2026-07-27,11:48,ECLERX,LOSER,1800.1,-3.3,1898.6,1811
1528,2026-07-27,11:48,ASAHIINDIA,LOSER,873,-1.72,892,863.95
1529,2026-07-27,11:48,BIRLACORPN,LOSER,927.65,-3.03,979,939
1530,2026-07-27,11:48,ZENTEC,GAINER,1699.5,-3.91,1792,1746
1531,2026-07-27,11:51,PPLPHARMA,GAINER,190.25,4.95,182.32,178.24
1532,2026-07-27,11:51,REDINGTON,GAINER,277.35,7.06,263.65,255.7
1533,2026-07-27,11:51,DALBHARAT,GAINER,1810,-0.04,1872.1,1780.8
1534,2026-07-27,11:51,ETERNAL,GAINER,294.4,5.14,285,276.55
1535,2026-07-27,11:51,CAPLIPOINT,GAINER,2628.8,6.55,2515.1,2451.4
1536,2026-07-27,11:51,THYROCARE,GAINER,598.95,6.15,597.6,543
1537,2026-07-27,11:51,TBOTEK,GAINER,1503,5.18,1444.3,1400.1
1538,2026-07-27,11:51,PVRINOX,GAINER,1119,5.17,1070,1008.2
1539,2026-07-27,11:51,GALLANTT,GAINER,547.25,5,549.9,513.1
1540,2026-07-27,11:51,POLYMED,LOSER,1672.4,0.5,1676,1611.1
1541,2026-07-27,11:51,ROUTE,LOSER,540.7,-4.9,609.9,562
1542,2026-07-27,11:51,WABAG,LOSER,1955,-4.22,2067.2,2011
1543,2026-07-27,11:51,MRPL,LOSER,165.2,-2.68,177.48,168.61
1544,2026-07-27,11:51,DBL,GAINER,441.4,5.03,433.75,381.55
1545,2026-07-27,11:51,CARTRADE,GAINER,2950,11.05,2741.6,2635.6
1546,2026-07-27,11:51,PWL,LOSER,125.32,-2.13,132.6,124.81
1547,2026-07-27,11:51,CHENNPETRO,LOSER,1176.8,-3.13,1281.9,1209
1548,2026-07-27,11:51,WELCORP,LOSER,1602.3,0.34,1622.4,1566.2
1549,2026-07-27,11:51,BANKINDIA,LOSER,139.11,-2.46,143.2,139.82
1550,2026-07-27,11:51,BOROLTD,LOSER,231.83,-0.22,237.49,226.37
1551,2026-07-27,11:51,AEGISLOG,LOSER,1311.7,-2.81,1360,1298.4
1552,2026-07-27,11:51,HFCL,LOSER,193.5,-1.7,204.78,196.66
1553,2026-07-27,11:51,HATSUN,LOSER,870.5,-1.84,891.75,871.7
1554,2026-07-27,11:51,ECLERX,LOSER,1800.1,-3.3,1898.6,1811
1555,2026-07-27,11:51,ZENTEC,GAINER,1698.4,-3.97,1792,1746
1556,2026-07-27,11:51,LATENTVIEW,GAINER,318.7,7.65,297,289.3
1557,2026-07-27,11:51,TATACOMM,LOSER,1733.9,-2.33,1799.9,1751.7
1558,2026-07-27,11:51,THERMAX,LOSER,4425,-1.97,4573,4465.5
1559,2026-07-27,11:51,CONCOR,GAINER,505.15,5.78,484.2,474.4
1560,2026-07-27,11:54,ZENTEC,GAINER,1695.5,-4.14,1792,1746
1561,2026-07-27,11:54,CAPLIPOINT,GAINER,2624.6,6.38,2515.1,2451.4
1562,2026-07-27,11:54,DBL,GAINER,437.25,4.05,433.75,381.55
1563,2026-07-27,11:54,CONCOR,GAINER,505.65,5.88,484.2,474.4
1564,2026-07-27,11:54,REDINGTON,GAINER,277.1,6.97,263.65,255.7
1565,2026-07-27,11:54,LATENTVIEW,GAINER,318.1,7.45,297,289.3
1566,2026-07-27,11:54,GALLANTT,GAINER,547.25,5,549.9,513.1
1567,2026-07-27,11:54,PPLPHARMA,GAINER,189.82,4.72,182.32,178.24
1568,2026-07-27,11:54,CARTRADE,GAINER,2948.3,10.99,2741.6,2635.6
1569,2026-07-27,11:54,TBOTEK,GAINER,1516.6,6.13,1444.3,1400.1
1570,2026-07-27,11:54,ETERNAL,GAINER,294.5,5.18,285,276.55
1571,2026-07-27,11:54,DALBHARAT,GAINER,1808.3,-0.14,1872.1,1780.8
1572,2026-07-27,11:54,PVRINOX,GAINER,1119,5.17,1070,1008.2
1573,2026-07-27,11:54,POLYMED,LOSER,1668.2,0.25,1676,1611.1
1574,2026-07-27,11:54,ROSSARI,GAINER,513.2,4.78,497.75,487
1575,2026-07-27,11:54,WABAG,LOSER,1957.6,-4.1,2067.2,2011
1576,2026-07-27,11:54,ROUTE,LOSER,539.8,-5.06,609.9,562
1577,2026-07-27,11:54,CHENNPETRO,LOSER,1175.4,-3.24,1281.9,1209
1578,2026-07-27,11:54,MRPL,LOSER,165.14,-2.72,177.48,168.61
1579,2026-07-27,11:54,BANKINDIA,LOSER,139.13,-2.45,143.2,139.82
1580,2026-07-27,11:54,PWL,LOSER,125.22,-2.21,132.6,124.81
1581,2026-07-27,11:54,HATSUN,LOSER,869,-2.01,891.75,871.7
1582,2026-07-27,11:54,BOROLTD,LOSER,231.55,-0.34,237.49,226.37
1583,2026-07-27,11:54,WELCORP,LOSER,1605.5,0.54,1622.4,1566.2
1584,2026-07-27,11:54,TATACOMM,LOSER,1734,-2.33,1799.9,1751.7
1585,2026-07-27,11:54,HFCL,LOSER,193.64,-1.63,204.78,196.66
1586,2026-07-27,11:54,AEGISLOG,LOSER,1315,-2.56,1360,1298.4
1587,2026-07-27,11:54,THERMAX,LOSER,4424,-1.99,4573,4465.5
1588,2026-07-27,11:54,MTARTECH,LOSER,5578,-3.91,5887,5700
1589,2026-07-27,11:57,CAPLIPOINT,GAINER,2622.2,6.29,2515.1,2451.4
1590,2026-07-27,11:57,DBL,GAINER,437.7,4.15,433.75,381.55
1591,2026-07-27,11:57,REDINGTON,GAINER,278,7.32,263.65,255.7
1592,2026-07-27,11:57,CARTRADE,GAINER,2953.8,11.2,2741.6,2635.6
1593,2026-07-27,11:57,GALLANTT,GAINER,547.25,5,549.9,513.1
1594,2026-07-27,11:57,CONCOR,GAINER,505.6,5.87,484.2,474.4
1595,2026-07-27,11:57,PPLPHARMA,GAINER,189.84,4.73,182.32,178.24
1596,2026-07-27,11:57,ETERNAL,GAINER,294.7,5.25,285,276.55
1597,2026-07-27,11:57,TBOTEK,GAINER,1514.1,5.96,1444.3,1400.1
1598,2026-07-27,11:57,THYROCARE,GAINER,599.45,6.24,597.6,543
1599,2026-07-27,11:57,DALBHARAT,GAINER,1808.3,-0.14,1872.1,1780.8
1600,2026-07-27,11:57,PVRINOX,GAINER,1118,5.08,1070,1008.2
1601,2026-07-27,11:57,ZENTEC,GAINER,1698,-4,1792,1746
1602,2026-07-27,11:57,POLYMED,LOSER,1667.3,0.2,1676,1611.1
1603,2026-07-27,11:57,ROUTE,LOSER,540.65,-4.91,609.9,562
1604,2026-07-27,11:57,MRPL,LOSER,164.92,-2.85,177.48,168.61
1605,2026-07-27,11:57,WABAG,LOSER,1956.9,-4.13,2067.2,2011
1606,2026-07-27,11:57,CHENNPETRO,LOSER,1174.2,-3.34,1281.9,1209
1607,2026-07-27,11:57,BANKINDIA,LOSER,138.83,-2.66,143.2,139.82
1608,2026-07-27,11:57,WELCORP,LOSER,1604.3,0.46,1622.4,1566.2
1609,2026-07-27,11:57,LATENTVIEW,GAINER,318.1,7.45,297,289.3
1610,2026-07-27,11:57,PWL,LOSER,125.36,-2.1,132.6,124.81
1611,2026-07-27,11:57,BOROLTD,LOSER,231.5,-0.36,237.49,226.37
1612,2026-07-27,11:57,HATSUN,LOSER,869,-2.01,891.75,871.7
1613,2026-07-27,11:57,HFCL,LOSER,193.53,-1.69,204.78,196.66
1614,2026-07-27,11:57,AEGISLOG,LOSER,1314.2,-2.62,1360,1298.4
1615,2026-07-27,11:57,MTARTECH,LOSER,5565,-4.13,5887,5700
1616,2026-07-27,11:57,TATACOMM,LOSER,1733,-2.38,1799.9,1751.7
1617,2026-07-27,11:57,THERMAX,LOSER,4422.5,-2.03,4573,4465.5
1618,2026-07-27,12:00,ZENTEC,GAINER,1698.1,-3.99,1792,1746
1619,2026-07-27,12:00,TBOTEK,GAINER,1513.7,5.93,1444.3,1400.1
1620,2026-07-27,12:00,GALLANTT,GAINER,547.25,5,549.9,513.1
1621,2026-07-27,12:00,PPLPHARMA,GAINER,190.16,4.9,182.32,178.24
1622,2026-07-27,12:00,KFINTECH,GAINER,914.1,6.57,872.2,855.6
1623,2026-07-27,12:00,ANANTRAJ,GAINER,615.25,4.89,591.65,576
1624,2026-07-27,12:00,CARTRADE,GAINER,2951.4,11.11,2741.6,2635.6
1625,2026-07-27,12:00,POLYMED,LOSER,1666.6,0.16,1676,1611.1
1626,2026-07-27,12:00,MRPL,LOSER,164.69,-2.98,177.48,168.61
1627,2026-07-27,12:00,ETERNAL,GAINER,295.5,5.54,285,276.55
1628,2026-07-27,12:00,CONCOR,GAINER,505.85,5.93,484.2,474.4
1629,2026-07-27,12:00,REDINGTON,GAINER,277.35,7.06,263.65,255.7
1630,2026-07-27,12:00,ROUTE,LOSER,540.5,-4.93,609.9,562
1631,2026-07-27,12:00,LATENTVIEW,GAINER,320.5,8.26,297,289.3
1632,2026-07-27,12:00,WABAG,LOSER,1956.3,-4.16,2067.2,2011
1633,2026-07-27,12:00,CHENNPETRO,LOSER,1173.8,-3.38,1281.9,1209
1634,2026-07-27,12:00,DBL,GAINER,438.1,4.25,433.75,381.55
1635,2026-07-27,12:00,BANKINDIA,LOSER,138.74,-2.72,143.2,139.82
1636,2026-07-27,12:00,CAPLIPOINT,GAINER,2628,6.52,2515.1,2451.4
1637,2026-07-27,12:00,PWL,LOSER,125.3,-2.15,132.6,124.81
1638,2026-07-27,12:00,HATSUN,LOSER,869,-2.01,891.75,871.7
1639,2026-07-27,12:00,WELCORP,LOSER,1607.5,0.66,1622.4,1566.2
1640,2026-07-27,12:00,BOROLTD,LOSER,232.43,0.04,237.49,226.37
1641,2026-07-27,12:00,MTARTECH,LOSER,5565,-4.13,5887,5700
1642,2026-07-27,12:00,THERMAX,LOSER,4421.5,-2.05,4573,4465.5
1643,2026-07-27,12:00,TATACOMM,LOSER,1733.5,-2.35,1799.9,1751.7
1644,2026-07-27,12:00,HFCL,LOSER,194,-1.45,204.78,196.66
1645,2026-07-27,12:00,AEGISLOG,LOSER,1317,-2.42,1360,1298.4
